sku;brand
RAI0001;Rain Design
APP0017;Apple
APP0019;Apple
APP0066;Apple
KIN0001;Kingston
APP0094;Apple
APP0095;Apple
APP0105;Apple
APP0150;Apple
MOS0007;Moshi
MOS0015;Moshi
APP0200;Apple
HGD0001;Henge Docks
APP0241;Apple
APP0274;Apple
SNN0001;Sonnet
LMP0001;LMP
APP0302;Apple
GRT0190;Griffin
OWC0001;OWC
KEN0022;Jaybird
APP0337;Apple
APP0361;Apple
MOS0059;Moshi
WAC0026;Wacom
SPE0039;Spek SeeThru
LAC0135;LaCie
HGD0006;Henge Docks
SEA0033;Seagate
SYN0041;Synology
SYN0042;Synology
WAC0034;Wacom
WAC0039;Wacom
SEA0038;Seagate
OTR0039;Startech
IKM0009;IK Multimedia
IKM0010;IK Multimedia
PAC0017;Pack
HGD0009;Henge Docks
OWC0002;OWC
WAC0048;Wacom
WAC0049;Wacom
MAK0009;Maclocks
SEA0043;Seagate
PAC1175;Pack
PAC1234;Pack
APP0484;Apple
APP0393;Apple
APP0394;Apple
APP0401;Apple
APP0402;Apple
APP0403;Apple
DLK0002;D-Link
DLK0003;D-Link
DLK0005;D-Link
DLK0006;D-Link
WDT0134;Western Digital
WDT0135;Western Digital
WDT0177;Western Digital
WDT0243;Western Digital
WDT0312;Western Digital
WDT0389;Western Digital
WAC0024;Wacom
NTE0038;NewerTech
OWC0014;OWC
NTE0006;NewerTech
NTE0007;NewerTech
OWC0018;OWC
NTE0009;NewerTech
NTE0011;NewerTech
NTE0014;NewerTech
NTE0015;NewerTech
OWC0022;OWC
OWC0007;OWC
OWC0020;OWC
OWC0021;OWC
OWC0023;OWC
NTE0004;NewerTech
APP0404;Apple
STM0032;STM
NTE0016;NewerTech
OWC0019;OWC
NTE0017;NewerTech
OWC0033;OWC
OWC0034;OWC
OWC0222;OWC
OWC0009;OWC
MUV0036;Muvit
APP0428;Apple
APP0429;Apple
APP0430;Apple
APP0431;Apple
APP0432;Apple
OWC0035;OWC
OWC0036;OWC
OWC0037;OWC
OWC0035-2;OWC
OWC0036-2;OWC
SYN0057;Synology
KIN0066;Kingston
KIN0067;Kingston
MOS0072;Moshi
MOS0074;Moshi
MOS0076;Moshi
APP0477;Apple
GRT0258;Griffin
GRT0259;Griffin
APP0458;Apple
APP0468;Apple
APP0475;Apple
APP0476;Apple
APP0478;Apple
OWC0039-2;OWC
NTE0019;NewerTech
NTE0020;NewerTech
BEZ0151;Be.ez
BEZ0152;Be.ez
BEZ0153;Be.ez
OWC0048;OWC
OWC0046;OWC
NTE0021;NewerTech
NTE0022;NewerTech
NTE0023;NewerTech
NTE0024;NewerTech
NTE0025;NewerTech
NTE0026;NewerTech
NTE0028;NewerTech
NTE0031;NewerTech
OWC0049;OWC
SPE0060;Spek SeeThru
OWC0038;OWC
MOS0079;Moshi
MOS0080;Moshi
OWC0047;OWC
OWC0037-2;OWC
OWC0040;OWC
OWC0040-2;OWC
OWC0051;OWC
OWC0053;OWC
NTE0013;NewerTech
PIE0001;Replacement
PIE0003;Replacement
OWC0054;OWC
OWC0054-2;OWC
OWC0054-3;OWC
OWC0055;OWC
OWC0056;OWC
OWC0056-2;OWC
OWC0057;OWC
OWC0057-2;OWC
OWC0058;OWC
OWC0016;OWC
OWC0060;OWC
DRO0009;Drobo
NTE0050;NewerTech
KEN0072;Jaybird
KEN0073;Jaybird
TOS0001;Toshiba
KEN0074;Jaybird
KEN0075;Jaybird
TWS0035;Twelve South
TWS0090;Twelve South
APP0492;Apple
TUC0078;Tucano
SPE0081;Spek SeeThru
SEV0001;Service
SEV0006;Service
SEV0020;Service
SEV0012;Service
SEV0013;Service
SEV0015;Service
SEV0017;Service
SEV0018;Service
SEV0019;Service
TWS0040;Twelve South
SNN0013;Sonnet
LOG0078;Logitech
SEV0022;Service
SEV0024;Service
SNN0015;Sonnet
MOS0081;Moshi
HGS0002;HGST Travelstar
NTE0039;NewerTech
NTE0040;NewerTech
APP0498;Apple
GRT0279;Griffin
OWC0012;OWC
OWC0013;OWC
OWC0117;OWC
KIN0072;Kingston
KIN0073;Kingston
DLK0026;D-Link
DLK0027;D-Link
MOS0078;Moshi
OWC0069;OWC
PAC0084;Pack
DRO0011;Drobo
OWC0068;OWC
OWC0068-2;OWC
TWS0042;Twelve South
PAC0114;Pack
PAC0127;Pack
NTE0044;NewerTech
OWC0070;OWC
IKM0018;IK Multimedia
JMO0037;Just Mobile
OWC0072;OWC
OWC0074;OWC
SEA0047;Seagate
APP0523;Apple
APP0524;Apple
APP0525;Apple
BOO0060;Booq
SYN0052;Synology
WAC0095;Wacom
OWC0076;OWC
WDT0315;Western Digital
WAC0126;Wacom
WAC0129;Wacom
KAN0007;Kanex
TWS0043;Twelve South
CRU0015;Crucial
DLK0046;D-Link
CRU0015-2;Crucial
SAN0038;SanDisk
SAN0039;SanDisk
SAN0040;SanDisk
SPH0002;Sphero
KEN0103;Jaybird
GRT0294;Griffin
PAC0483;Pack
PAC0486;Pack
PAC0441;Pack
NTE0049;NewerTech
NTE0048;NewerTech
PAC1175;Pack
PAC1234;Pack
KIN0080;Kingston
OWC0082;OWC
KIN0082;Kingston
KIN0083;Kingston
KIN0084;Kingston
GRT0300;Griffin
MOS0097;Moshi
TUC0089;Tucano
TUC0093;Tucano
NTE0052;NewerTech
NEA0001;Netatmo
WDT0181;Western Digital
APP0656;Apple
APP0659;Apple
APP0660;Apple
APP0661;Apple
APP0657;Apple
WDT0198;Western Digital
OWC0081;OWC
GRT0304;Griffin
PLA0008;Plantronics
JMO0047;Just Mobile
DLK0051;D-Link
WAC0121;Wacom
BOO0062;Booq
BOO0064;Booq
PAC0329;Pack
OWC0085-4;OWC
OWC0084;OWC
OWC0085;OWC
APP0691;Apple
OWC0085-2;OWC
APP0692;Apple
APP0696;Apple
APP0697;Apple
OWC0086;OWC
OWC0086-2;OWC
OWC0086-4;OWC
OWC0087;OWC
OWC0088;OWC
OWC0088-2;OWC
OWC0088-4;OWC
OWC0089;OWC
OWC0089-2;OWC
OWC0089-4;OWC
PAC0331;Pack
LMP0006;LMP
LOG0101;Logitech
KUA0002;Kukaclip
NTE0053;NewerTech
PUR0101;Puro
SPH0003;Sphero
SPH0005;Sphero
OWC0080;OWC
KIN0086;Kingston
NEA0002;Netatmo
PAC0385;Pack
WIT0011;Withings
APP0712;Apple
GRT0309;Griffin
DLK0054;D-Link
DLK0055;D-Link
CRU0016-2;Crucial
CRU0017;Crucial
CRU0017-2;Crucial
TWS0045;Twelve South
NTE0109;NewerTech
JAB0028;Jabra
KEN0160;Jaybird
OWC0094;OWC
WDT0207;Western Digital
OWC0096;OWC
DLK0057;D-Link
AII0030;Aiino
OWC0097;OWC
OWC0098;OWC
OWC0099;OWC
APP0729;Apple
SNN0026;Sonnet
OWC0103;OWC
PAC0403;Pack
PAC0405;Pack
WDT0210;Western Digital
WDT0211;Western Digital
WDT0212;Western Digital
WDT0213;Western Digital
OWC0104;OWC
LAC0206;LaCie
LAC0123;LaCie
IOT0001;iOttie
GTE0008;G-Technology
LIF0026;Lifeproof
LIF0027;Lifeproof
STA0010;Startech
NEA0003;Netatmo
PAC0427;Pack
PAC0428;Pack
PAC0430;Pack
BNQ0025;BenQ
OPU0004;Opulus
NTE0057;NewerTech
NTE0058;NewerTech
TWS0048;Twelve South
BOO0072;Booq
BOO0074;Booq
BOO0075;Booq
KAN0011;Kanex
KAN0019;Kanex
KAN0020;Kanex
KAN0012;Kanex
KAN0016;Kanex
GRT0319;Griffin
GRT0320;Griffin
BLM0015;Blue Microphones
PUR0108;Puro
NEA0004;Netatmo
JAB0031;Jabra
IKM0028;IK Multimedia
IKM0029;IK Multimedia
TWS0053;Twelve South
KIN0100;Kingston
ZEP0002;Zepp
OWC0108;OWC
ADN0016;Adonit
IKM0033;IK Multimedia
APP0658;Apple
NTE0060;NewerTech
NTE0065;NewerTech
NTE0061;NewerTech
NTE0066;NewerTech
NTE0062;NewerTech
NTE0067;NewerTech
NTE0063;NewerTech
NTE0068;NewerTech
NTE0064;NewerTech
NTE0069;NewerTech
LAN0005;LandingZone
KAN0021;Kanex
PIE0022;Replacement
WDT0227;Western Digital
OWC0110;OWC
OWC0114;OWC
OWC0113;OWC
IKM0034;IK Multimedia
PAC0441;Pack
STA0007;Startech
OTR0069;Startech
OWC0116;OWC
OTR0025;Startech
KUA0003;Kukaclip
GRT0324;Griffin
GRT0338;Griffin
DLK0074;D-Link
DLK0079;D-Link
DLK0068;D-Link
DLK0069;D-Link
DLK0070;D-Link
DLK0072;D-Link
DLK0073;D-Link
GRT0325;Griffin
GRT0328;Griffin
GRT0329;Griffin
PAR0012;Parrot
GRT0421;Griffin
GRT0332;Griffin
MUV0136;Muvit
GRT0340;Griffin
GRT0341;Griffin
JAB0032;Jabra
JAB0034;Jabra
ELG0028;Elgato
WAC0143;Wacom
WAC0144;Wacom
WAC0145;Wacom
WAC0148;Wacom
MUV0140;Muvit
MUV0141;Muvit
PUR0122;Puro
TUC0179;Tucano
MOS0117;Moshi
SAM0063;Samsung
SAM0064;Samsung
SAM0065;Samsung
MOS0119;Moshi
MOS0125;Moshi
MOS0126;Moshi
MOS0127;Moshi
MOS0129;Moshi
MOS0132;Moshi
MOS0133;Moshi
MOS0134;Moshi
MOS0120;Moshi
MOS0122;Moshi
MOS0123;Moshi
KUA0012;Kukaclip
SEA0043-A;Seagate
PAR0031;Parrot
GRT0346;Griffin
SYN0092;Synology
PAC0513;Pack
KAN0026;Kanex
KAN0025;Kanex
KAN0029;Kanex
LAC0131;LaCie
KAN0022;Kanex
SPE0125;Spek SeeThru
BEL0165;Belkin
SPE0120;Spek SeeThru
DLK0085;D-Link
APP0893;Apple
APP0903;Apple
PAC0588;Pack
PAC0589;Pack
PAC0586;Pack
APP0894;Apple
APP0905;Apple
APP1020;Apple
APP0927;Apple
APP1921;Apple
APP1923;Apple
APP0895;Apple
APP0906;Apple
APP0924;Apple
APP1022;Apple
APP1023;Apple
APP1924;Apple
APP1926;Apple
APP1929;Apple
APP1930;Apple
APP0863;Apple
APP0865;Apple
APP0874;Apple
MUV0145;Muvit
MUV0146;Muvit
OWC0118;OWC
LAC0200;LaCie
SPE0133;Spek SeeThru
LAC0136;LaCie
AP20096;Apple
APP0911;Apple
PAC0519;Pack
DRO0018;Drobo
TRI0010;Tribe
TRI0013;Tribe
LAC0140;LaCie
PAC0544;Pack
PAC0552;Pack
HAR0008;Harman Kardon
PAC0554;Pack
PAC0556;Pack
PAC0560;Pack
SAM0068;Samsung
PAC0563;Pack
PAC0565;Pack
PAC0567;Pack
KAN0030;Kanex
WHO0001;Whoosh
WHO0002;Whoosh
HAR0010;Harman Kardon
HGD0016;Henge Docks
KEN0188;Jaybird
PAC0613;Pack
PAC0615;Pack
CRU0025;Crucial
CRU0025-2;Crucial
CRU0026;Crucial
CRU0026-2;Crucial
SNN0031;Sonnet
GRT0355;Griffin
KAN0031;Kanex
OTT0076;Otterbox
LAC0199;LaCie
LAC0139;LaCie
PIE0025;Replacement
SPE0127;Spek SeeThru
LAC0147;LaCie
LAC0148;LaCie
LAC0149;LaCie
LAC0150;LaCie
LAC0152;LaCie
LAC0153;LaCie
MOS0141;Moshi
MOS0142;Moshi
BEL0167;Belkin
MOS0143;Moshi
IOT0010;iOttie
LOG0146;Logitech
OLL0012;Olloclip
TWS0068;Twelve South
SYN0094;Synology
SPE0128;Spek SeeThru
BEL0166;Belkin
DLK0087;D-Link
ADN0018;Adonit
NTE0072;NewerTech
PAC0615;Pack
MOS0139;Moshi
ELG0030;Elgato
IOT0007;iOttie
SYN0094;Synology
KEN0203;Jaybird
SPE0131;Spek SeeThru
SPE0132;Spek SeeThru
LOG0142;Logitech
JMO0060;Just Mobile
JMO0061;Just Mobile
JMO0062;Just Mobile
JMO0063;Just Mobile
JMO0065;Just Mobile
JMO0067;Just Mobile
KUA0013;Kukaclip
KUA0011;Kukaclip
MUV0152;Muvit
IKM0036;IK Multimedia
BEZ0210;Be.ez
REP0210;Repair
SPE0135;Spek SeeThru
SPE0134;Spek SeeThru
SPE0136;Spek SeeThru
SAN0063;SanDisk
SAN0064;SanDisk
IOT0008;iOttie
SPE0146;Spek SeeThru
SAM0067;Samsung
WDT0221;Western Digital
OWC0123;OWC
APP0921;Apple
SPE0137;Spek SeeThru
SAM0069;Samsung
NTE0076;NewerTech
IOT0011;iOttie
WAC0158;Wacom
WAC0157;Wacom
REP0232;Repair
WAC0156;Wacom
CRU0034-2;Crucial
SYN0101;Synology
PAC0617;Pack
CRU0016;Crucial
CRU0037;Crucial
CRU0037-4;Crucial
RUT0015;Runstastic
APP0017-A;Apple
APP0430-A;Apple
ADN0013;Adonit
SYN0092-A;Synology
OWC0132;OWC
CRU0038;Crucial
CRU0038-2;Crucial
CRU0038-4;Crucial
PAC0663;Pack
PAC0664;Pack
PAC0658;Pack
PAC0678;Pack
PAC0683;Pack
PAC0692;Pack
PAC0695;Pack
PAC0696;Pack
PAC0716;Pack
PAC0687;Pack
PAC0711;Pack
PAC0778;Pack
PAC0779;Pack
PAC0752;Pack
PAC0756;Pack
PAC0760;Pack
PAC0761;Pack
PAC0770;Pack
PAC0773;Pack
PAC0776;Pack
PAC0765;Pack
PAC0766;Pack
STA0003;Startech
KEN0201;Jaybird
PAC0720;Pack
STA0011;Startech
MOS0149;Moshi
STA0012;Startech
PAC0725;Pack
PAC0730;Pack
PAC0726;Pack
PAC0729;Pack
PAC0647;Pack
PAC0650;Pack
PAC0706;Pack
PAC0707;Pack
PAC0739;Pack
PAC0740;Pack
PAC0743;Pack
PAC0748;Pack
PAC0749;Pack
RAI0009;Rain Design
JMO0050;Just Mobile
RAI0010;Rain Design
RAI0012;Rain Design
PHI0046;Philips
PHI0048;Philips
PAC0616;Pack
TOS0012;Toshiba
MBI0004;Mobility Lab
DLK0086;D-Link
WAC0148-A;Wacom
ACM0027;Acme
BEL0169;Belkin
CEL0001;Celly
CEL0006;Celly
BEL0170;Belkin
BEL0171;Belkin
BEL0172;Belkin
NTE0078;NewerTech
SEA0066;Seagate
ADN0022;Adonit
SEA0068;Seagate
LMP0010;LMP
GRT0357;Griffin
BEL0175;Belkin
APP0952;Apple
APP1934;Apple
APP1939;Apple
APP1940;Apple
APP0953;Apple
APP0952;Apple
APP1934;Apple
APP1939;Apple
APP1940;Apple
GRT0358;Griffin
LAC0157;LaCie
NTE0079;NewerTech
NTE0080;NewerTech
NTE0082;NewerTech
NTE0083;NewerTech
NTE0084;NewerTech
NTE0085;NewerTech
TIG0018;Tigra
TIG0019;Tigra
OWC0147;OWC
ADN0023;Adonit
TRA0005;Trascend
TRA0004;Trascend
TRA0006;Trascend
TRA0010;Trascend
MOX0007;Moxie
TRA0027;Trascend
TRA0020;Trascend
TRA0023;Trascend
TRA0024;Trascend
MAC0096;Macally
TRA0033;Trascend
LOG0155;Logitech
LOG0154;Logitech
MOX0008;Moxie
MOX0009;Moxie
MOX0010;Moxie
LAC0086;LaCie
STA0014;Startech
BOS0004;Bose
STA0005;Startech
KEN0206;Jaybird
DLK0002-A;D-Link
WDT0231;Western Digital
WDT0232;Western Digital
IFX0002;iFixit
IFX0008;iFixit
IFX0005;iFixit
IFX0006;iFixit
IFX0007;iFixit
IFX0010;iFixit
IFX0013;iFixit
IFX0014;iFixit
IFX0017;iFixit
IFX0019;iFixit
IFX0003;iFixit
IFX0015;iFixit
IFX0016;iFixit
MOS0151;Moshi
HGS0004;HGST Travelstar
MOS0152;Moshi
IFX0009;iFixit
TWS0082;Twelve South
DEV0014;Devolo
DEV0005;Devolo
DEV0008;Devolo
DEV0015;Devolo
REP0233;Repair
REP0235;Repair
FCM0007-4;FCM
FCM0003;FCM
FCM0004;FCM
FCM0005;FCM
FCM0006;FCM
FCM0007;FCM
FCM0009-2;FCM
FCM0010;FCM
FCM0011;FCM
FCM0012;FCM
FCM0003-2;FCM
FCM0004-2;FCM
FCM0005-2;FCM
FCM0006-2;FCM
FCM0007-2;FCM
FCM0011-2;FCM
FCM0008-2;FCM
HIC0012;Hitcase
TWS0060;Twelve South
SYN0103;Synology
SYN0105;Synology
STA0013;Startech
FCM0013;FCM
FCM0016;FCM
FCM0019;FCM
LIF0049;Lifeproof
IFX0012;iFixit
IFX0020;iFixit
IFX0021;iFixit
IFX0022;iFixit
WDT0134-A;Western Digital
WDT0135-A;Western Digital
SEA0047-A;Seagate
APP0729-A;Apple
OWC0068-A;OWC
THU0007;Thule
FCM0013-2;FCM
FCM0016-2;FCM
FCM0015-2;FCM
FCM0034-2;FCM
FCM0020;FCM
FCM0020-2;FCM
FCM0021-2;FCM
FCM0022;FCM
FCM0022-2;FCM
FCM0014;FCM
FCM0014-2;FCM
FCM0017-2;FCM
FCM0017-4;FCM
FCM0023;FCM
FCM0026;FCM
FCM0028;FCM
FCM0030;FCM
BTC0009;Boostcase
SNS0014;Sonos
SNS0013;Sonos
SNS0015;Sonos
SNS0016;Sonos
TUC0197;Tucano
TUC0198;Tucano
SNS0009;Sonos
SNS0010;Sonos
JBL0090;JBL
JBL0091;JBL
JBL0092;JBL
JBL0095;JBL
APP0997;Apple
SNS0012;Sonos
APP0989;Apple
APP0998;Apple
APP0999;Apple
APP1000;Apple
APP1008;Apple
APP1001;Apple
APP1002;Apple
APP1003;Apple
APP1004;Apple
IFX0023;iFixit
TOS0014;Toshiba
OWC0138;OWC
BOS0016;Bose
BOS0017;Bose
BEZ0206;Be.ez
BEZ0181;Be.ez
OWC0120;OWC
OWC0121;OWC
OWC0122;OWC
THU0013;Thule
OWC0129;OWC
OWC0142;OWC
SYN0109;Synology
GTE0037;G-Technology
GTE0041;G-Technology
GTE0043;G-Technology
KAN0038;Kanex
THU0012;Thule
KAN0034;Kanex
KAN0035;Kanex
KAN0036;Kanex
KAN0037;Kanex
KAN0039;Kanex
KAN0040;Kanex
KAN0042;Kanex
APP0693;Apple
APP0694;Apple
APP0695;Apple
SNN0029;Sonnet
SNN0033;Sonnet
SNN0034;Sonnet
OWC0140;OWC
APP1039;Apple
PIE0034;Replacement
QNA0098;QNAP
NTE0090;NewerTech
BOO0081;Booq
APP1037;Apple
APP1014;Apple
TUC0200;Tucano
IFX0025;iFixit
TRA0029;Trascend
NTE0087;NewerTech
NTE0088;NewerTech
NTE0089;NewerTech
OWC0139;OWC
KUA0014;Kukaclip
TUC0201;Tucano
TUC0202;Tucano
LAN0008;LandingZone
BOO0082;Booq
KUA0016;Kukaclip
TRA0028;Trascend
DLK0088;D-Link
STA0015;Startech
KUA0015;Kukaclip
SAM0080;Samsung
KUA0018;Kukaclip
DLK0089;D-Link
ADN0026;Adonit
BEZ0190;Be.ez
BEZ0189;Be.ez
BEZ0186;Be.ez
PHI0050;Philips
MOS0156;Moshi
KIN0109;Kingston
APP0979;Apple
BOS0022;Bose
MOX0012;Moxie
XDO0036;X-Doria
XDO0004;X-Doria
XDO0009;X-Doria
ZAG0013;ZaggKeys
DLL0006;Dell
GRT0366;Griffin
XDO0012;X-Doria
XDO0014;X-Doria
XDO0011;X-Doria
BNQ0032;BenQ
APP1038;Apple
APP1040;Apple
APP1041;Apple
APP1042;Apple
APP1083;Apple
JBL0097;JBL
OWC0151;OWC
OTT0087;Otterbox
KIN0111;Kingston
MOX0013;Moxie
MOX0017;Moxie
MOS0158;Moshi
MOS0159;Moshi
OWC0069-A;OWC
JAW0034;Jawbone
OTT0088;Otterbox
KIN0113;Kingston
KIN0114;Kingston
SAN0084;SanDisk
KIN0115;Kingston
KIN0116;Kingston
KIN0117;Kingston
TUC0205;Tucano
STA0016;Startech
WAC0165;Wacom
STA0020;Startech
LOG0168;Logitech
LOG0169;Logitech
LEX0009;Lexar
APP1082;Apple
APP1077;Apple
APP1080;Apple
APP1086;Apple
APP1098;Apple
APP1099;Apple
APP1100;Apple
APP1097;Apple
SEA0080;Seagate
KUA0019;Kukaclip
LOG0171;Logitech
APP1101;Apple
TRA0030;Trascend
TRA0031;Trascend
TRA0032;Trascend
WAC0160;Wacom
SAN0087;SanDisk
KEN0221;Jaybird
MUV0155;Muvit
MUV0156;Muvit
MUV0159;Muvit
MUV0161;Muvit
KUA0020;Kukaclip
MOS0148;Moshi
KUA0021;Kukaclip
KUA0022;Kukaclip
DLL0008;Dell
DLL0009;Dell
LEX0011;Lexar
LEX0010;Lexar
LIF0070;Lifeproof
LIF0072;Lifeproof
LIF0073;Lifeproof
LIF0075;Lifeproof
SEA0083;Seagate
SEA0084;Seagate
IFX0026;iFixit
IFX0027;iFixit
IHE0006;iHealth
NTE0091;NewerTech
LOG0172;Logitech
WAC0161;Wacom
WAC0162;Wacom
WAC0163;Wacom
WAC0164;Wacom
WAC0166;Wacom
WAC0167;Wacom
WAC0168;Wacom
WAC0169;Wacom
JAB0010;Jabra
JMO0072;Just Mobile
SAN0094;SanDisk
SAN0092;SanDisk
SAN0093;SanDisk
PAR0045;Parrot
PAR0044;Parrot
ZAG0015;ZaggKeys
ZAG0016;ZaggKeys
GRT0369;Griffin
GRT0368;Griffin
NTE0092;NewerTech
IFX0057;iFixit
IFX0028;iFixit
IFX0029;iFixit
IFX0032;iFixit
APP1124;Apple
APP1127;Apple
PQI0002;Pqi
APP1125;Apple
APP1112;Apple
APP1113;Apple
APP1114;Apple
APP1121;Apple
APP1122;Apple
APP1123;Apple
ELG0008;Elgato
DLL0014;Dell
DLL0012;Dell
DLL0020;Dell
DLL0021;Dell
DLL0022;Dell
APP1151;Apple
APP1130;Apple
APP1135;Apple
APP1149;Apple
APP1150;Apple
APP1134;Apple
APP1133;Apple
APP1136;Apple
APP1145;Apple
APP1146;Apple
APP1129;Apple
APP1132;Apple
BEL0178;Belkin
BEL0180;Belkin
SEA0086;Seagate
NDE0009;Ndevr
NES0011;Nest
ELG0032;Elgato
ELG0033;Elgato
ELG0034;Elgato
LEX0013;Lexar
APP0405;Apple
MUV0162;Muvit
LEX0014;Lexar
WAC0173;Wacom
APP1169;Apple
APP1171;Apple
APP1180;Apple
APP1181;Apple
NTE0094;NewerTech
OTT0113;Otterbox
OTT0114;Otterbox
OTT0115;Otterbox
NEA0008;Netatmo
JBL0100;JBL
JBL0101;JBL
APP1184;Apple
XDO0015;X-Doria
APP1194;Apple
APP1378;Apple
PAC1026;Pack
PAC1028;Pack
PAC1029;Pack
PAC1033;Pack
PAC1040;Pack
PAC1049;Pack
PAC1058;Pack
PAC1059;Pack
PAC1232;Pack
PAC1622;Pack
APP1191;Apple
APP1271;Apple
PAC1568;Pack
PAC1574;Pack
APP1192;Apple
PAC0926;Pack
PAC0920;Pack
PAC0918;Pack
PAC0919;Pack
PAC1191;Pack
PAC1192;Pack
PAC0921;Pack
APP1189;Apple
PAC1557;Pack
PAC1559;Pack
APP1236;Apple
PAC1562;Pack
APP1193;Apple
PAC0954;Pack
PAC0955;Pack
PAC0956;Pack
PAC0957;Pack
PAC0962;Pack
PAC1587;Pack
PAC1588;Pack
PAC1591;Pack
PAC1597;Pack
APP1235;Apple
APP1208;Apple
APP1209;Apple
APP1210;Apple
APP1378;Apple
APP1194;Apple
PAC1026;Pack
PAC1028;Pack
PAC1029;Pack
PAC1033;Pack
PAC1040;Pack
PAC1049;Pack
PAC1058;Pack
PAC1059;Pack
PAC1232;Pack
PAC1622;Pack
APP1189;Apple
PAC1557;Pack
PAC1559;Pack
APP1191;Apple
APP1271;Apple
PAC1568;Pack
PAC1574;Pack
APP1189;Apple
PAC1557;Pack
PAC1559;Pack
APP1191;Apple
APP1271;Apple
PAC1568;Pack
PAC1574;Pack
APP1192;Apple
PAC0926;Pack
PAC0920;Pack
PAC0918;Pack
PAC0919;Pack
PAC1191;Pack
PAC1192;Pack
PAC0921;Pack
APP1192;Apple
PAC0926;Pack
PAC0920;Pack
PAC0918;Pack
PAC0919;Pack
PAC1191;Pack
PAC1192;Pack
PAC0921;Pack
APP1271;Apple
APP1192;Apple
PAC0926;Pack
PAC0920;Pack
PAC0918;Pack
PAC0919;Pack
PAC1191;Pack
PAC1192;Pack
PAC0921;Pack
APP1193;Apple
PAC0954;Pack
PAC0955;Pack
PAC0956;Pack
PAC0957;Pack
PAC0962;Pack
PAC1587;Pack
PAC1588;Pack
PAC1591;Pack
PAC1597;Pack
APP1194;Apple
APP1378;Apple
PAC1026;Pack
PAC1028;Pack
PAC1029;Pack
PAC1026;Pack
PAC1028;Pack
PAC1029;Pack
PAC1033;Pack
PAC1040;Pack
PAC1049;Pack
PAC1058;Pack
PAC1059;Pack
PAC1232;Pack
PAC1622;Pack
APP1193;Apple
PAC0954;Pack
PAC0955;Pack
PAC0956;Pack
PAC0957;Pack
PAC0962;Pack
PAC1587;Pack
PAC1588;Pack
PAC1591;Pack
PAC1597;Pack
APP1193;Apple
PAC0954;Pack
PAC0955;Pack
PAC0956;Pack
PAC0957;Pack
PAC0962;Pack
PAC1587;Pack
PAC1588;Pack
PAC1591;Pack
PAC1597;Pack
APP1194;Apple
APP1378;Apple
PAC1026;Pack
PAC1028;Pack
PAC1029;Pack
PAC1033;Pack
PAC1040;Pack
PAC1049;Pack
PAC1058;Pack
PAC1059;Pack
PAC1232;Pack
PAC1622;Pack
APP1235;Apple
PAC1562;Pack
APP1236;Apple
APP1235;Apple
PAC1562;Pack
APP1236;Apple
APP1235;Apple
APP1236;Apple
PAC1562;Pack
APP1194;Apple
APP1378;Apple
PAC1026;Pack
PAC1028;Pack
PAC1029;Pack
PAC1033;Pack
PAC1040;Pack
PAC1049;Pack
PAC1058;Pack
PAC1059;Pack
PAC1232;Pack
PAC1622;Pack
PAC0954;Pack
APP1193;Apple
PAC0955;Pack
PAC0956;Pack
PAC0957;Pack
PAC0962;Pack
PAC1587;Pack
PAC1588;Pack
PAC1591;Pack
PAC1597;Pack
PAC1026;Pack
APP1194;Apple
APP1378;Apple
PAC1028;Pack
PAC1029;Pack
PAC1033;Pack
PAC1040;Pack
PAC1049;Pack
PAC1058;Pack
PAC1059;Pack
PAC1232;Pack
PAC1622;Pack
PAC0955;Pack
APP1193;Apple
PAC0954;Pack
PAC0956;Pack
PAC0957;Pack
PAC0962;Pack
PAC1587;Pack
PAC1588;Pack
PAC1591;Pack
PAC1597;Pack
PAC1028;Pack
APP1194;Apple
APP1378;Apple
PAC1026;Pack
PAC1033;Pack
PAC1040;Pack
PAC1049;Pack
PAC1058;Pack
PAC1059;Pack
PAC1232;Pack
PAC1622;Pack
APP1194;Apple
APP1378;Apple
SAN0095;SanDisk
APP1455;Apple
FCM0038-2;FCM
KIN0124;Kingston
KIN0125;Kingston
KIN0124-2;Kingston
KIN0125-2;Kingston
KIN0125-4;Kingston
OTT0105;Otterbox
IOT0012;iOttie
OTT0101;Otterbox
JBL0098;JBL
OTT0112;Otterbox
OTT0100;Otterbox
OTT0104;Otterbox
OTT0106;Otterbox
OTT0107;Otterbox
OTT0110;Otterbox
NOM0007;Nomad
APP1186;Apple
APP1188;Apple
APP1187;Apple
THU0014;Thule
THU0017;Thule
WAC0177;Wacom
SAN0097;SanDisk
SHE0030;SwitchEasy
GRT0371;Griffin
GRT0372;Griffin
GRT0373;Griffin
GRT0374;Griffin
SYN0120;Synology
PAC1156;Pack
PAC1157;Pack
PAC1158;Pack
SYN0122;Synology
PAC1163;Pack
APP1456;Apple
APP1457;Apple
APP1428;Apple
APP1430;Apple
APP1427;Apple
APP1429;Apple
APP1433;Apple
APP1434;Apple
APP1436;Apple
APP1439;Apple
AP20099;Apple
APP1446;Apple
KAN0012-A;Kanex
WDT0301;Western Digital
ICA0047;Incase
ICA0048;Incase
ICA0049;Incase
ICA0050;Incase
APP1207;Apple
AP20141;Apple
APP1205;Apple
SAM0068-A;Samsung
WDT0303;Western Digital
BNQ0035;BenQ
BNQ0036;BenQ
OTT0094;Otterbox
OTT0095;Otterbox
OTT0097;Otterbox
OTT0099;Otterbox
TUC0219;Tucano
TUC0221;Tucano
TUC0223;Tucano
WDT0304;Western Digital
LEE0005;Leef
MOX0019;Moxie
MOX0020;Moxie
LIF0089;Lifeproof
WDT0305;Western Digital
LIF0090;Lifeproof
LIF0091;Lifeproof
LIF0092;Lifeproof
LIF0093;Lifeproof
LIF0094;Lifeproof
TUC0234;Tucano
TUC0224;Tucano
TUC0226;Tucano
TUC0232;Tucano
THU0016;Thule
SPH0007;Sphero
ICA0062;Incase
ICA0063;Incase
MOS0166;Moshi
MOS0170;Moshi
OTT0096;Otterbox
MOX0023;Moxie
MOX0024;Moxie
PAC1192;Pack
APP1192;Apple
PAC0926;Pack
PAC0920;Pack
PAC0918;Pack
PAC0919;Pack
PAC0921;Pack
PAC1191;Pack
APP1195;Apple
APP1200;Apple
APP1202;Apple
APP1203;Apple
JAB0039;Jabra
TRA0034;Trascend
QNA0140;QNAP
QNA0143;QNAP
PAC1209;Pack
SAN0096;SanDisk
GRT0387;Griffin
CRU0043;Crucial
GRT0386;Griffin
KEN0226;Jaybird
LOG0184;Logitech
PHI0053;Philips
APP0692-A;Apple
OWC0001-A;OWC
CRU0043-2;Crucial
GRT0389;Griffin
SAN0086;SanDisk
UAG0019;Urban Armor Gear
CRU0043-4;Crucial
GRT0382;Griffin
TUC0238;Tucano
JMO0075;Just Mobile
JMO0076;Just Mobile
JMO0078;Just Mobile
XDO0021;X-Doria
IKM0047;IK Multimedia
ADN0029;Adonit
BNQ0037;BenQ
PAC1294;Pack
PAC1300;Pack
QNA0146;QNAP
SAN0104;SanDisk
SAN0105;SanDisk
APP1192;Apple
PAC0926;Pack
PAC0920;Pack
PAC0918;Pack
PAC0919;Pack
PAC1191;Pack
PAC1192;Pack
PAC0921;Pack
PAC1232;Pack
APP1194;Apple
APP1378;Apple
PAC1026;Pack
PAC1028;Pack
PAC1029;Pack
PAC1033;Pack
PAC1040;Pack
PAC1049;Pack
PAC1058;Pack
PAC1059;Pack
PAC1622;Pack
MDT0002;Mediterrans
MDT0005;Mediterrans
MDT0006;Mediterrans
MDT0008;Mediterrans
MDT0009;Mediterrans
QNA0144;QNAP
PAC1222;Pack
PAC1225;Pack
PAC1382;Pack
PAC1291;Pack
PAC1285;Pack
QNA0146;QNAP
PAC1294;Pack
PAC1300;Pack
KIN0129;Kingston
SAN0106;SanDisk
SAN0107;SanDisk
KIN0131;Kingston
KIN0134;Kingston
KIN0136;Kingston
KIN0137;Kingston
KIN0138;Kingston
KIN0139;Kingston
LMP0001-A;LMP
OTR0039-A;Startech
SEA0038-A;Seagate
APP1189;Apple
PAC1557;Pack
PAC1559;Pack
OWC0018-A;OWC
ADN0031;Adonit
IKM0045;IK Multimedia
CYG0066;Cygnett
CYG0067;Cygnett
CYG0068;Cygnett
XDO0028;X-Doria
IKM0046;IK Multimedia
SPE0159;Spek SeeThru
SPE0160;Spek SeeThru
SPE0153;Spek SeeThru
SPE0154;Spek SeeThru
ZAG0018;ZaggKeys
JAB0040;Jabra
QNA0148;QNAP
PAC1311;Pack
PAC1310;Pack
QNA0155;QNAP
PAC1641;Pack
QNA0149;QNAP
QNA0156;QNAP
QNA0151;QNAP
DLL0024;Dell
DLL0025;Dell
PHI0055;Philips
PHI0057;Philips
SAN0134;SanDisk
PHI0056;Philips
PHI0072;Philips
PHI0054;Philips
PHI0060;Philips
PHI0061;Philips
PHI0062;Philips
PHI0063;Philips
DLK0097;D-Link
DLK0102;D-Link
DLK0094;D-Link
DLK0100;D-Link
DLK0103;D-Link
BOO0083;Booq
SYN0124;Synology
PAC1341;Pack
KIN0140;Kingston
KIN0142;Kingston
JAB0041;Jabra
KIN0144;Kingston
SAN0135;SanDisk
FCM0039;FCM
XDO0018;X-Doria
XDO0020;X-Doria
SPE0158;Spek SeeThru
JMO0080;Just Mobile
KIN0128;Kingston
UAG0021;Urban Armor Gear
TRN0005;Trunk Sleeve
KIN0143;Kingston
KIN0145;Kingston
KIN0146;Kingston
KIN0147;Kingston
JMO0082;Just Mobile
JMO0084;Just Mobile
NOM0008;Nomad
OWC0155;OWC
DLK0096;D-Link
JMO0083;Just Mobile
SAM0085;Samsung
DLK0095;D-Link
OWC0046-A;OWC
CRU0015-A;Crucial
GRT0384;Griffin
APP1211;Apple
APP1212;Apple
APP1213;Apple
NEA0009;Netatmo
TRN0002;Trunk Sleeve
TRN0006;Trunk Sleeve
OWC0153;OWC
IFX0036;iFixit
SYN0125;Synology
DRO0019;Drobo
MIC0029;Microsoft
SNS0021;Sonos
APP1215;Apple
APP1464;Apple
IKM0044;IK Multimedia
ELG0028-A;Elgato
DLK0126;D-Link
DLK0112;D-Link
DLK0110;D-Link
DLK0108;D-Link
DLK0105;D-Link
SNS0020;Sonos
GRT0390;Griffin
BAN0003;Band&Strap
BAN0006;Band&Strap
BAN0007;Band&Strap
BAN0008;Band&Strap
OWC0154;OWC
KIN0148;Kingston
LAC0164;LaCie
HAR0012;Harman Kardon
DLL0028;Dell
DLK0128;D-Link
DLK0118;D-Link
TOS0016;Toshiba
SPE0155;Spek SeeThru
SAN0110;SanDisk
BOS0025;Bose
IKM0050;IK Multimedia
DLK0129;D-Link
MOS0172;Moshi
IFX0035;iFixit
LAC0160;LaCie
LAC0165;LaCie
LAC0166;LaCie
OWC0156;OWC
TWS0087;Twelve South
CRU0033-A;Crucial
DLL0020-A;Dell
PAC1249;Pack
PAC1257;Pack
PAC1250;Pack
PAC1254;Pack
PAC1258;Pack
BEA0026;Beats
OWC0161;OWC
OWC0167;OWC
WDT0243-A;Western Digital
KEN0229;Jaybird
MIC0030;Microsoft
IFX0037;iFixit
TWS0086;Twelve South
MOS0177;Moshi
LEX0020;Lexar
LEX0021;Lexar
LEX0022;Lexar
LEE0008;Leef
DLL0029;Dell
UAG0024;Urban Armor Gear
SYN0132;Synology
TRA0008;Trascend
QNA0155;QNAP
PAC1311;Pack
PAC1310;Pack
QNA0148;QNAP
PAC1641;Pack
QNA0156;QNAP
QNA0149;QNAP
NTE0095;NewerTech
SYN0128;Synology
NOM0010;Nomad
LGE0024;LG
LGE0030;LG
LIF0104;Lifeproof
BEA0032;Beats
LIF0103;Lifeproof
BEA0022;Beats
PLA0015;Plantronics
PHI0066;Philips
BEA0042;Beats
LGE0025;LG
LAC0204;LaCie
OWC0172;OWC
OWC0173;OWC
OWC0171;OWC
LOG0194;Logitech
OBL0001;Oblumi
LEX0024;Lexar
TUC0250;Tucano
TUC0245;Tucano
TUC0246;Tucano
TUC0247;Tucano
TUC0248;Tucano
TUC0249;Tucano
TUC0251;Tucano
MUV0165;Muvit
MOS0175;Moshi
MOS0176;Moshi
JMO0085;Just Mobile
GRT0408;Griffin
LGE0028;LG
IFX0038;iFixit
JMO0087;Just Mobile
STM0082;STM
KEN0230;Jaybird
JMO0086;Just Mobile
SAM0067-A;Samsung
LGE0026;LG
SEV0035;Service
LGE0029;LG
LOG0199;Logitech
KIN0150;Kingston
KIN0151;Kingston
KIN0151-2;Kingston
GRT0391;Griffin
KIN0153;Kingston
LIF0101;Lifeproof
TUC0252;Tucano
LOG0196;Logitech
LOG0193;Logitech
KIN0153-2;Kingston
LOG0197;Logitech
LOG0198;Logitech
WDT0313;Western Digital
CAI0002;Casetify
STM0084;STM
OWC0180;OWC
KIN0149;Kingston
GRT0406;Griffin
OWC0176;OWC
SNA0059;Sena
STM0079;STM
KEN0231;Jaybird
GRT0396;Griffin
GRT0395;Griffin
GRT0405;Griffin
LGE0031;LG
KIN0149-2;Kingston
QNA0162;QNAP
PAC1371;Pack
QNA0161;QNAP
PAC1729;Pack
PAC1731;Pack
OWC0174-2;OWC
OWC0174-4;OWC
APP1459;Apple
APP1475;Apple
SYN0133;Synology
PAC1361;Pack
PAC1365;Pack
PAC1366;Pack
PAC1367;Pack
OWC0177;OWC
APP1483;Apple
OWC0178;OWC
APP1479;Apple
APP1480;Apple
APP1484;Apple
APP1485;Apple
APP1486;Apple
APP1487;Apple
APP1489;Apple
APP1492;Apple
APP1495;Apple
APP1499;Apple
BOS0034;Bose
OWC0174;OWC
BOS0026;Bose
MYF0006;MyFox
BOS0029;Bose
REP0202;Repair
BOS0031;Bose
WDT0310;Western Digital
WDT0309;Western Digital
WDT0169;Western Digital
WDT0314;Western Digital
STI0003;Stil Mind
QNA0143;QNAP
PAC1209;Pack
GAM0001;Gamevice
QNA0160;QNAP
MAC0119;Macally
MAC0115;Macally
MAC0116;Macally
MAC0112;Macally
MAC0110;Macally
MAC0113;Macally
MAC0114;Macally
MAC0117;Macally
MAC0118;Macally
MAC0101;Macally
MAC0103;Macally
MAC0123;Macally
MAC0124;Macally
QDO0006;QDos
TRA0004-A;Trascend
KAN0046;Kanex
ELE0005;Elevation Lab
BEL0194;Belkin
BEL0195;Belkin
BEL0196;Belkin
BEL0198;Belkin
BEL0199;Belkin
BEL0200;Belkin
BEL0201;Belkin
BEL0210;Belkin
BEL0211;Belkin
BEL0213;Belkin
BEL0214;Belkin
BEL0215;Belkin
BEL0216;Belkin
BEL0232;Belkin
BEL0233;Belkin
BEL0240;Belkin
BEL0241;Belkin
NTE0025-A;NewerTech
IHE0011;iHealth
SAM0069-A;Samsung
ZAG0019;ZaggKeys
BEL0202;Belkin
APP1208-A;Apple
OWC0153-2;OWC
OWC0153-4;OWC
IHE0014;iHealth
LIF0099;Lifeproof
SAN0157;SanDisk
IHE0017;iHealth
OWC0166;OWC
OWC0164;OWC
LIF0097;Lifeproof
LIF0102;Lifeproof
IHE0016;iHealth
NTE0096;NewerTech
IHE0020;iHealth
MOS0179;Moshi
IHE0012;iHealth
IHE0013;iHealth
IHE0018;iHealth
IHE0019;iHealth
BEL0184;Belkin
APP1509;Apple
APP1510;Apple
APP1520;Apple
APP1767;Apple
AP20105;Apple
AP20100;Apple
APP1513;Apple
APP1514;Apple
APP1522;Apple
APP1523;Apple
APP1525;Apple
APP1532;Apple
APP1538;Apple
APP1542;Apple
BEL0183;Belkin
BEL0204;Belkin
MAC0111;Macally
BEL0186;Belkin
BEL0187;Belkin
BEL0189;Belkin
BEL0190;Belkin
BEL0191;Belkin
BEL0192;Belkin
BEL0223;Belkin
BEL0193;Belkin
BEL0203;Belkin
BEL0205;Belkin
BEL0206;Belkin
BEL0207;Belkin
BEL0208;Belkin
BEL0209;Belkin
SAN0170;SanDisk
SAN0114;SanDisk
SAN0115;SanDisk
SAN0116;SanDisk
SAN0117;SanDisk
SAN0156;SanDisk
BEL0226;Belkin
BEL0227;Belkin
DLL0031;Dell
BEL0249;Belkin
OWC0181;OWC
BEL0236;Belkin
BEL0242;Belkin
BEL0238;Belkin
PAC1389;Pack
BEL0250;Belkin
BEL0252;Belkin
OWC0181-2;OWC
OWC0181-4;OWC
BEL0243;Belkin
BEL0244;Belkin
BEL0245;Belkin
BEL0246;Belkin
BEL0247;Belkin
BEL0248;Belkin
CEL0022;Celly
CEL0023;Celly
IFX0040;iFixit
IFX0041;iFixit
IFX0044;iFixit
CEL0037;Celly
CEL0038;Celly
TPL0002;TP-Link
TPL0003;TP-Link
CEL0030;Celly
CEL0046;Celly
CEL0053;Celly
CEL0035;Celly
OWC0182;OWC
CEL0031;Celly
FIF0004;FiftyThree
LAC0174;LaCie
LAC0175;LaCie
LAC0176;LaCie
TUC0254;Tucano
WAC0187;Wacom
GRT0413;Griffin
MUV0167;Muvit
MUV0168;Muvit
PAC1392;Pack
PAC1393;Pack
PAC1391;Pack
UAG0032;Urban Armor Gear
TUC0266;Tucano
TUC0255;Tucano
MOP0069;Mophie
MOS0185;Moshi
NOM0011;Nomad
NOM0012;Nomad
BEL0224;Belkin
GRT0402;Griffin
GRT0403;Griffin
GRT0394;Griffin
BEL0228;Belkin
SHE0031;SwitchEasy
SHE0033;SwitchEasy
BEL0217;Belkin
BEL0219;Belkin
GRT0407;Griffin
BEL0222;Belkin
WDT0319;Western Digital
TUC0091;Tucano
APP1521;Apple
APP1569;Apple
APP1607;Apple
APP1568;Apple
XRI0001;X-Rite
APP1611;Apple
APP1609;Apple
APP1575;Apple
APP1576;Apple
APP1577;Apple
APP1578;Apple
APP1579;Apple
APP1580;Apple
BEL0188;Belkin
MOS0182;Moshi
WOE0001;Wowewa
WOE0002;Wowewa
WOE0003;Wowewa
WOE0004;Wowewa
WOE0005;Wowewa
WOE0006;Wowewa
STM0088;STM
BEL0225;Belkin
WAC0184;Wacom
APP1570;Apple
PAC1394;Pack
IFX0045;iFixit
IFX0039;iFixit
IFX0042;iFixit
BEL0220;Belkin
STM0092;STM
STM0091;STM
STM0086;STM
STM0087;STM
GRT0409;Griffin
GRT0410;Griffin
GRT0411;Griffin
APP1566;Apple
THU0019;Thule
APP1564;Apple
SEA0097;Seagate
WAC0186;Wacom
LEX0026;Lexar
LEX0027;Lexar
LEX0028;Lexar
IFX0047;iFixit
WDT0318;Western Digital
WAC0185;Wacom
MOS0186;Moshi
MOS0187;Moshi
LEX0030;Lexar
LAC0177;LaCie
LAC0178;LaCie
TUC0259;Tucano
LGE0032;LG
IFX0043;iFixit
TUC0260;Tucano
DLL0034;Dell
MUV0166;Muvit
DLL0038;Dell
KIN0120;Kingston
BEL0182;Belkin
LGE0035;LG
BEL0185;Belkin
GRT0398;Griffin
APP1569;Apple
APP1607;Apple
NTE0023-A;NewerTech
BEL0226-A;Belkin
APP1563;Apple
SYN0137;Synology
PAC1434;Pack
PAC1435;Pack
PAC1421;Pack
PAC1424;Pack
PAC1427;Pack
SYN0136;Synology
SYN0134;Synology
PAC1404;Pack
PAC1410;Pack
PAC1411;Pack
OWC0168;OWC
OWC0169;OWC
NTE0097;NewerTech
NTE0098;NewerTech
OWC0165;OWC
SPE0162;Spek SeeThru
SPE0163;Spek SeeThru
SPE0164;Spek SeeThru
SPE0165;Spek SeeThru
LGE0034;LG
OTT0121;Otterbox
OTT0125;Otterbox
LGE0033;LG
MDT0017;Mediterrans
MDT0014;Mediterrans
MDT0015;Mediterrans
MDT0016;Mediterrans
MAC0125;Macally
MAC0126;Macally
ADN0036;Adonit
MAC0129;Macally
MAC0130;Macally
ADN0037;Adonit
MAC0131;Macally
MAC0132;Macally
PUR0133;Puro
PUR0135;Puro
PUR0138;Puro
PUR0139;Puro
PUR0136;Puro
MUV0170;Muvit
TRA0035;Trascend
TRA0036;Trascend
TRA0037;Trascend
TRA0038;Trascend
WDT0323;Western Digital
IFX0049;iFixit
IFX0054;iFixit
IFX0058;iFixit
IFX0114;iFixit
IFX0050;iFixit
SAN0126;SanDisk
SAN0127;SanDisk
SAN0128;SanDisk
SAN0129;SanDisk
IFX0052;iFixit
IFX0064;iFixit
IFX0067;iFixit
IFX0069;iFixit
IFX0073;iFixit
IFX0080;iFixit
IFX0087;iFixit
IFX0068;iFixit
IFX0109;iFixit
IFX0071;iFixit
IFX0079;iFixit
IFX0072;iFixit
LUN0006;Lunatik
IFX0086;iFixit
OTT0126;Otterbox
THU0023;Thule
THU0025;Thule
THU0027;Thule
THU0031;Thule
THU0032;Thule
THU0035;Thule
THU0036;Thule
THU0037;Thule
THU0038;Thule
KEN0234;Jaybird
KEN0235;Jaybird
BEL0254;Belkin
PAC1404;Pack
PAC1410;Pack
PAC1411;Pack
SYN0134;Synology
PAC1404;Pack
SYN0134;Synology
PAC1410;Pack
PAC1421;Pack
PAC1424;Pack
PAC1427;Pack
SYN0136;Synology
TRK0001;TrackR
TRK0002;TrackR
TRK0003;TrackR
SPE0166;Spek SeeThru
SPE0173;Spek SeeThru
SPE0174;Spek SeeThru
TUC0269;Tucano
HTE0001;Hyper Pearl
OWC0160;OWC
HTE0002;Hyper Pearl
HTE0003;Hyper Pearl
LMP0014;LMP
LOG0201;Logitech
LOG0202;Logitech
KEN0237;Jaybird
TWS0092;Twelve South
KEN0232;Jaybird
ADN0036-A;Adonit
KEN0233;Jaybird
GRT0414;Griffin
MOP0074;Mophie
MOP0075;Mophie
MOP0080;Mophie
MOP0066;Mophie
MOP0082;Mophie
OTT0127;Otterbox
OTT0128;Otterbox
OTT0129;Otterbox
OTT0130;Otterbox
OTT0131;Otterbox
OTT0132;Otterbox
OTT0133;Otterbox
OTT0134;Otterbox
OTT0135;Otterbox
OTT0136;Otterbox
OTT0137;Otterbox
OTT0138;Otterbox
OTT0139;Otterbox
OWC0147-A;OWC
LIF0038-A;Lifeproof
WDT0311-A;Western Digital
PAC1444;Pack
PAC1445;Pack
WDT0311;Western Digital
TUC0261;Tucano
GRT0416;Griffin
PAC1466;Pack
GRT0417;Griffin
GRT0418;Griffin
PAC1469;Pack
IFX0092;iFixit
IFX0095;iFixit
SYN0140;Synology
PAC1862;Pack
TUC0270;Tucano
TUC0271;Tucano
WDT0311;Western Digital
PAC1444;Pack
PAC1445;Pack
WDT0311-A;Western Digital
TUC0272;Tucano
TUC0273;Tucano
LAC0179;LaCie
IFX0118;iFixit
IFX0125;iFixit
IFX0126;iFixit
IFX0127;iFixit
IFX0128;iFixit
IFX0129;iFixit
IFX0119;iFixit
IFX0120;iFixit
IFX0130;iFixit
OBL0001-A;Oblumi
SAN0128-A;SanDisk
IFX0097;iFixit
IFX0098;iFixit
IFX0131;iFixit
IFX0132;iFixit
IFX0133;iFixit
IFX0134;iFixit
IFX0135;iFixit
IFX0136;iFixit
IFX0137;iFixit
IFX0138;iFixit
IFX0139;iFixit
IFX0141;iFixit
IFX0142;iFixit
IFX0144;iFixit
JAB0045;Jabra
BEL0102;Belkin
ELG0039;Elgato
IFX0030;iFixit
IFX0046;iFixit
MAC0120;Macally
TUC0262;Tucano
LAC0180;LaCie
QNA0164;QNAP
JBL0106;JBL
JBL0107;JBL
MOX0026;Moxie
TWS0096;Twelve South
MOX0027;Moxie
QNA0169;QNAP
TWS0098;Twelve South
TWS0097;Twelve South
SAN0131;SanDisk
SAN0130;SanDisk
SAN0133;SanDisk
WIT0024;Withings
SYN0141;Synology
PAC1471;Pack
PAC2019;Pack
GRT0419;Griffin
KEU0001;Kenu Airframe
OTT0126-A;Otterbox
KEU0003;Kenu Airframe
KEU0004;Kenu Airframe
BEL0255;Belkin
BEL0256;Belkin
NOK0001;Noke
NOK0002;Noke
SAM0097;Samsung
IFX0145;iFixit
SAM0105;Samsung
MOP0083;Mophie
SPH0008;Sphero
NEA0010;Netatmo
NEA0011;Netatmo
LMP0015;LMP
LIF0106;Lifeproof
LIF0107;Lifeproof
OTT0125-A;Otterbox
JMO0085-A;Just Mobile
OSM0001;Osmo
PLA0017;Plantronics
DLL0008-A;Dell
TPL0011;TP-Link
TPL0012;TP-Link
TPL0015;TP-Link
TPL0016;TP-Link
OSM0004;Osmo
TPL0006;TP-Link
TPL0018;TP-Link
TPL0019;TP-Link
TPL0020;TP-Link
TPL0021;TP-Link
TPL0022;TP-Link
GRT0386-A;Griffin
TPL0013;TP-Link
IAM0001;I AM
LAC0181;LaCie
LAC0183;LaCie
IAM0003;I AM
LAC0182;LaCie
LAC0184;LaCie
IOT0016;iOttie
IOT0017;iOttie
KIN0155;Kingston
KIN0156;Kingston
KIN0157;Kingston
CRU0045;Crucial
CRU0046;Crucial
CRU0047;Crucial
PAC1482;Pack
PAC1483;Pack
PAC1484;Pack
PAC1487;Pack
PAC1488;Pack
PAC1491;Pack
PAC1492;Pack
PAC1493;Pack
PAC1494;Pack
PAC1495;Pack
PAC1497;Pack
IOT0018;iOttie
BNQ0043;BenQ
BNQ0044;BenQ
BNQ0045;BenQ
TWS0099;Twelve South
SAN0137;SanDisk
SAN0138;SanDisk
SAN0139;SanDisk
BNQ0046;BenQ
LAC0186;LaCie
NTE0056;NewerTech
GTE0056;G-Technology
GTE0132;G-Technology
GTE0057;G-Technology
GTE0058;G-Technology
GTE0059;G-Technology
GTE0134;G-Technology
GTE0054;G-Technology
GTE0062;G-Technology
GTE0063;G-Technology
EIZ0011;Eizo
EIZ0012;Eizo
GTE0066;G-Technology
GTE0072;G-Technology
CRU0048;Crucial
GTE0073;G-Technology
CRU0048-2;Crucial
GTE0075;G-Technology
SAM0109;Samsung
GTE0070;G-Technology
GTE0069;G-Technology
GTE0071;G-Technology
TPL0024;TP-Link
TPL0025;TP-Link
SAN0140;SanDisk
TPL0026;TP-Link
TPL0027;TP-Link
SAN0141;SanDisk
SAN0142;SanDisk
SAN0143;SanDisk
LAC0192;LaCie
LAC0191;LaCie
LAC0193;LaCie
TPL0029;TP-Link
TPL0030;TP-Link
IOT0013;iOttie
SOF0124;Software
SYN0142;Synology
APP1622;Apple
APP1623;Apple
BEL0258;Belkin
BEL0259;Belkin
KAN0047;Kanex
BEL0260;Belkin
LOG0208;Logitech
BEL0257;Belkin
SYN0144;Synology
SYN0150;Synology
BEL0262;Belkin
BEL0263;Belkin
PAC1498;Pack
MIC0031;Microsoft
WDT0335;Western Digital
SYN0154;Synology
LAC0194;LaCie
MUJ0006;Mophie
MUJ0007;Mophie
LOG0211;Logitech
SYN0146;Synology
QNA0171;QNAP
PAC1499;Pack
PAC1510;Pack
QNA0172;QNAP
OWC0166-A;OWC
QNA0148-A;QNAP
WDT0338;Western Digital
WDT0336;Western Digital
WDT0337;Western Digital
WDT0373;Western Digital
LEX0031;Lexar
LEX0032;Lexar
LEX0033;Lexar
MUV0174;Muvit
MUV0175;Muvit
MUV0176;Muvit
MUV0177;Muvit
MUV0178;Muvit
OWC0097-A;OWC
WDT0311-A;Western Digital
WIT0025;Withings
WIT0026;Withings
ZAG0022;ZaggKeys
WIT0027;Withings
GRT0420;Griffin
PUR0149;Puro
PUR0143;Puro
PUR0146;Puro
PUR0148;Puro
PUR0142;Puro
PUR0144;Puro
SHE0036;SwitchEasy
SHE0037;SwitchEasy
SHE0034;SwitchEasy
SHE0035;SwitchEasy
SHE0038;SwitchEasy
SHE0039;SwitchEasy
IFR0007;iFrogz
SPE0182;Spek SeeThru
GRT0423;Griffin
SPE0178;Spek SeeThru
GRT0424;Griffin
GRT0425;Griffin
SPE0181;Spek SeeThru
SPE0180;Spek SeeThru
GRT0426;Griffin
GRT0428;Griffin
SPE0177;Spek SeeThru
GRT0429;Griffin
GRT0430;Griffin
GRT0431;Griffin
GRT0432;Griffin
GRT0434;Griffin
GRT0444;Griffin
OWC0076-A;OWC
MUJ0018;Mophie
OTT0140;Otterbox
OTT0142;Otterbox
OTT0143;Otterbox
OTT0144;Otterbox
APP1639;Apple
APP1643;Apple
OTT0150;Otterbox
UAG0039;Urban Armor Gear
APP1744;Apple
APP1743;Apple
APP1742;Apple
MUJ0010;Mophie
MUJ0011;Mophie
MUJ0017;Mophie
APP1659;Apple
OTT0151;Otterbox
APP1658;Apple
OTT0152;Otterbox
APP1656;Apple
APP1657;Apple
MUJ0013;Mophie
APP1655;Apple
APP1653;Apple
APP1652;Apple
OTT0155;Otterbox
OTT0156;Otterbox
APP1638;Apple
APP1642;Apple
OTT0157;Otterbox
APP1640;Apple
APP1644;Apple
OTT0158;Otterbox
APP1641;Apple
APP1645;Apple
APP1646;Apple
APP1651;Apple
APP1628;Apple
APP1634;Apple
APP1629;Apple
APP1624;Apple
APP1635;Apple
APP1625;Apple
APP1630;Apple
APP1636;Apple
APP1626;Apple
APP1631;Apple
APP1637;Apple
APP1627;Apple
APP1632;Apple
OTT0146;Otterbox
OTT0147;Otterbox
OTT0154;Otterbox
SYN0094;Synology
PAC0613;Pack
PAC0615;Pack
LGE0037;LG
SYN0143;Synology
SEA0095;Seagate
LGE0038;LG
APP1670;Apple
APP1671;Apple
APP1672;Apple
APP1673;Apple
APP1676;Apple
APP1677;Apple
APP1660;Apple
APP1661;Apple
APP1663;Apple
APP1666;Apple
APP1667;Apple
APP1680;Apple
APP1696;Apple
APP1681;Apple
APP1682;Apple
APP1669;Apple
APP1683;Apple
APP1684;Apple
APP1685;Apple
APP1772;Apple
APP1687;Apple
APP1688;Apple
APP1689;Apple
APP1690;Apple
APP1691;Apple
APP1679;Apple
APP1770;Apple
EVU0002;Evutec
DLK0130;D-Link
APP1803;Apple
APP1771;Apple
APP1695;Apple
SAM0110;Samsung
TUC0274;Tucano
TUC0275;Tucano
TUC0276;Tucano
TUC0284;Tucano
TUC0285;Tucano
TUC0277;Tucano
TUC0286;Tucano
TUC0287;Tucano
TUC0288;Tucano
TUC0290;Tucano
TUC0291;Tucano
MOS0189;Moshi
TUC0282;Tucano
TUC0283;Tucano
MOS0191;Moshi
MOS0192;Moshi
MOS0197;Moshi
MOS0194;Moshi
MOS0195;Moshi
MOS0199;Moshi
MOS0205;Moshi
MOS0206;Moshi
MOS0200;Moshi
MOS0204;Moshi
MOS0209;Moshi
MOS0210;Moshi
MOS0211;Moshi
MOS0207;Moshi
MOS0208;Moshi
SAN0148;SanDisk
MOS0212;Moshi
SAN0149;SanDisk
SAN0150;SanDisk
SAN0151;SanDisk
MOS0213;Moshi
MOS0214;Moshi
SEA0093;Seagate
SEA0094;Seagate
TRK0004;TrackR
TRK0005;TrackR
KEN0239;Jaybird
SAN0152;SanDisk
NOD0001;Nodon
NOD0002;Nodon
NOD0003;Nodon
NOD0004;Nodon
SAN0153;SanDisk
SAN0154;SanDisk
WAC0193;Wacom
WAC0195;Wacom
WAC0196;Wacom
WAC0191;Wacom
WAC0192;Wacom
WAC0197;Wacom
WAC0199;Wacom
BEL0285;Belkin
BEL0286;Belkin
BEL0275;Belkin
BEL0287;Belkin
BEL0288;Belkin
BEL0289;Belkin
BEL0290;Belkin
BEL0291;Belkin
BEL0292;Belkin
BEL0265;Belkin
BEL0276;Belkin
BEL0266;Belkin
BEL0267;Belkin
BEL0268;Belkin
BEL0277;Belkin
BEL0269;Belkin
BEL0278;Belkin
BEL0270;Belkin
BEL0271;Belkin
BEL0272;Belkin
BEL0273;Belkin
BEL0274;Belkin
APP1754;Apple
APP1756;Apple
APP1758;Apple
APP1762;Apple
APP1763;Apple
APP1764;Apple
APP1765;Apple
APP1766;Apple
APP1768;Apple
APP1769;Apple
GRT0435;Griffin
GRT0436;Griffin
GRT0437;Griffin
GRT0438;Griffin
GRT0422;Griffin
APP1773;Apple
GRT0439;Griffin
APP1779;Apple
APP1780;Apple
APP1699;Apple
APP1713;Apple
APP1729;Apple
APP1782;Apple
APP1801;Apple
GRT0440;Griffin
LOG0205;Logitech
BEL0279;Belkin
ZAG0023;ZaggKeys
BEL0282;Belkin
BEL0280;Belkin
BEL0283;Belkin
GRT0442;Griffin
GRT0441;Griffin
GRT0443;Griffin
GRT0339;Griffin
CRU0049;Crucial
GRT0448;Griffin
SAN0155;SanDisk
MOS0215;Moshi
IKM0053;IK Multimedia
PHI0069;Philips
OWC0183;OWC
OWC0184;OWC
OWC0185;OWC
OWC0187;OWC
PHI0071;Philips
PHI0070;Philips
OWC0188;OWC
PAC1525;Pack
APP1916;Apple
OWC0177-A;OWC
LGE0039;LG
BEA0053;Beats
BEA0054;Beats
BEA0049;Beats
BEA0050;Beats
BEA0052;Beats
BEA0055;Beats
BEA0057;Beats
BEA0048;Beats
BEA0060;Beats
BEA0061;Beats
BEA0062;Beats
BOS0037;Bose
BOS0038;Bose
BNQ0032-A;BenQ
LAC0195;LaCie
LAC0196;LaCie
LAC0197;LaCie
RAI0011;Rain Design
RAI0007;Rain Design
BOS0043;Bose
BOS0044;Bose
BEA0065;Beats
PAR0060;Parrot
RAI0013;Rain Design
LAC0202;LaCie
LAC0205;LaCie
OWC0172-A;OWC
TUC0285-A;Tucano
APP0405-A;Apple
WDT0341;Western Digital
WDT0342;Western Digital
WDT0343;Western Digital
LGE0040;LG
IKM0056;IK Multimedia
SNA0060;Sena
SNA0061;Sena
OLL0017;Olloclip
OWC0168-A;OWC
OLL0018;Olloclip
OLL0019;Olloclip
DRO0020;Drobo
IFX0146;iFixit
IFX0147;iFixit
IFX0148;iFixit
IFX0150;iFixit
APP1740;Apple
APP1741;Apple
ADN0038;Adonit
ADN0039;Adonit
ADN0040;Adonit
ADN0042;Adonit
OTT0153;Otterbox
GTE0050;G-Technology
SAN0163;SanDisk
APP1806;Apple
APP1832;Apple
APP1833;Apple
APP1834;Apple
APP1836;Apple
APP1841;Apple
APP1807;Apple
APP1808;Apple
APP1847;Apple
APP1848;Apple
APP1854;Apple
APP1859;Apple
APP1810;Apple
APP1868;Apple
APP1869;Apple
APP1870;Apple
APP1871;Apple
APP1872;Apple
APP1873;Apple
APP1885;Apple
APP1812;Apple
APP1894;Apple
APP1899;Apple
APP1901;Apple
APP1919;Apple
APP1804;Apple
APP1805;Apple
APP1815;Apple
APP1816;Apple
APP1818;Apple
APP1824;Apple
APP1805;Apple
APP1804;Apple
APP1815;Apple
APP1816;Apple
APP1818;Apple
APP1824;Apple
APP1832;Apple
APP1806;Apple
APP1807;Apple
APP1833;Apple
APP1834;Apple
APP1836;Apple
APP1841;Apple
APP1808;Apple
APP1847;Apple
APP1848;Apple
APP1854;Apple
APP1859;Apple
APP1808;Apple
APP1847;Apple
APP1854;Apple
APP1859;Apple
APP1815;Apple
APP1804;Apple
APP1805;Apple
APP1824;Apple
APP1816;Apple
APP1818;Apple
APP1848;Apple
APP1848;Apple
APP1804;Apple
APP1805;Apple
APP1815;Apple
APP1818;Apple
APP1824;Apple
APP1854;Apple
APP1808;Apple
APP1847;Apple
APP1848;Apple
APP1859;Apple
APP1808;Apple
APP1847;Apple
APP1848;Apple
APP1854;Apple
APP1859;Apple
APP1810;Apple
APP1868;Apple
APP1869;Apple
APP1870;Apple
APP1871;Apple
APP1872;Apple
APP1873;Apple
APP1885;Apple
APP1810;Apple
APP1871;Apple
APP1872;Apple
APP1873;Apple
APP1868;Apple
APP1869;Apple
APP1870;Apple
APP1810;Apple
APP1869;Apple
APP1885;Apple
APP1871;Apple
APP1870;Apple
APP1873;Apple
APP1871;Apple
APP1872;Apple
APP1873;Apple
APP1868;Apple
APP1870;Apple
APP1885;Apple
APP1812;Apple
APP1899;Apple
APP1901;Apple
APP1919;Apple
APP1894;Apple
APP1894;Apple
APP1901;Apple
APP1915;Apple
APP1885;Apple
APP1914;Apple
APP1913;Apple
MAC0117-A;Macally
OTR0025-A;Startech
OTT0146-A;Otterbox
SAN0164;SanDisk
JBL0113;JBL
JBL0115;JBL
ELG0040;Elgato
JBL0116;JBL
JBL0117;JBL
ELG0041;Elgato
JBL0119;JBL
JBL0118;JBL
LMP0017;LMP
HTE0004;Hyper Pearl
OWC0196;OWC
LOG0219;Logitech
LOG0220;Logitech
LOG0221;Logitech
APP1810;Apple
APP1868;Apple
APP1869;Apple
APP1870;Apple
APP1871;Apple
APP1872;Apple
APP1873;Apple
APP1885;Apple
LAC0211;LaCie
LAC0213;LaCie
KAI0001;Kaiser Baas
LIF0073-A;Lifeproof
SEA0096;Seagate
MOP0085;Mophie
APP1919;Apple
APP1812;Apple
APP1894;Apple
APP1899;Apple
APP1901;Apple
TPL0031;TP-Link
KAN0049;Kanex
SPH0011;Sphero
KIN0150-A;Kingston
SPH0010;Sphero
LAC0218;LaCie
SAN0158;SanDisk
SAN0171;SanDisk
SAN0168;SanDisk
STA0026;Startech
STA0027;Startech
SAT0001;Satechi
PAC1554;Pack
SAT0002;Satechi
SAT0003;Satechi
APP1940;Apple
APP0952;Apple
APP0953;Apple
APP1934;Apple
APP1939;Apple
SAT0004;Satechi
SAT0005;Satechi
APP1950;Apple
PAC1526;Pack
PAC1527;Pack
PAC1528;Pack
SAT0006;Satechi
SAT0007;Satechi
PAC1530;Pack
PAC1531;Pack
PAC1535;Pack
PAC1536;Pack
SAT0008;Satechi
PAC1538;Pack
PAC1539;Pack
SAT0009;Satechi
PAC1542;Pack
PAC1543;Pack
PAC1544;Pack
PAC1550;Pack
SAT0015;Satechi
PAC1552;Pack
SAT0016;Satechi
SAT0017;Satechi
SAT0014;Satechi
SAT0019;Satechi
SAT0020;Satechi
LOG0218;Logitech
WOE0007;Wowewa
WOE0008;Wowewa
OWC0202;OWC
MAC0124-A;Macally
SAT0021;Satechi
SAT0010;Satechi
SAT0011;Satechi
SAT0024;Satechi
SAT0025;Satechi
SAT0027;Satechi
SAT0028;Satechi
SAT0029;Satechi
SAT0030;Satechi
SAT0022;Satechi
HTE0008;Hyper Pearl
OWC0206;OWC
SAT0026;Satechi
SAT0035;Satechi
SAT0033;Satechi
SAT0036;Satechi
SAT0031;Satechi
SAT0032;Satechi
SAT0012;Satechi
SAT0013;Satechi
OWC0207;OWC
OWC0208;OWC
OWC0209;OWC
NTE0101;NewerTech
SEA0100;Seagate
SEA0101;Seagate
JAW0042;Jawbone
MOP0094;Mophie
LGE0041;LG
BNQ0036-A;BenQ
WDT0345;Western Digital
WDT0346;Western Digital
WDT0347;Western Digital
WDT0348;Western Digital
WDT0349;Western Digital
WDT0350;Western Digital
WDT0351;Western Digital
WDT0352;Western Digital
WDT0353;Western Digital
WDT0355;Western Digital
WDT0357;Western Digital
WDT0358;Western Digital
WDT0359;Western Digital
WDT0360;Western Digital
WDT0362;Western Digital
WDT0363;Western Digital
WDT0364;Western Digital
OWC0138-A;OWC
WDT0365;Western Digital
WDT0366;Western Digital
WDT0367;Western Digital
WDT0368;Western Digital
LGE0043;LG
LGE0044;LG
WDT0369;Western Digital
WDT0370;Western Digital
WDT0371;Western Digital
LGE0046;LG
LGE0042;LG
PEB0009;Pebble
PAC1555;Pack
QNA0198;QNAP
SEA0102;Seagate
SEA0103;Seagate
SEA0104;Seagate
SEA0098;Seagate
SEA0099;Seagate
SEA0092;Seagate
SEA0109;Seagate
QNA0197;QNAP
MAC0116-A;Macally
SAT0037;Satechi
SAT0038;Satechi
SAT0040;Satechi
SAT0041;Satechi
SAT0042;Satechi
SAT0043;Satechi
BEL0264;Belkin
BEL0369;Belkin
PAR0067;Parrot
APP1193;Apple
PAC0954;Pack
PAC0955;Pack
PAC0956;Pack
PAC0957;Pack
PAC0962;Pack
PAC1587;Pack
PAC1588;Pack
PAC1591;Pack
PAC1597;Pack
APP1193;Apple
PAC0954;Pack
PAC0955;Pack
PAC0956;Pack
PAC0957;Pack
PAC0962;Pack
PAC1587;Pack
PAC1588;Pack
PAC1591;Pack
PAC1597;Pack
QNA0193;QNAP
SAT0044;Satechi
PAC1562;Pack
APP1235;Apple
APP1236;Apple
PAC1568;Pack
APP1191;Apple
APP1271;Apple
PAC1574;Pack
TIG0019-A;Tigra
WDT0312-A;Western Digital
GTE0079;G-Technology
OWC0210;OWC
SAT0046;Satechi
XOO0003;Xoopar
XOO0004;Xoopar
MAC0132-A;Macally
PAC1867;Pack
QNA0192;QNAP
XOO0005;Xoopar
XOO0006;Xoopar
QNA0172;QNAP
PAC1510;Pack
QNA0221;QNAP
OWC0204;OWC
KUA0016-A;Kukaclip
GRT0451;Griffin
KAN0051;Kanex
OWC0205;OWC
BEL0228-A;Belkin
SAN0167;SanDisk
SAN0166;SanDisk
SAN0137-A;SanDisk
STA0028;Startech
STA0029;Startech
STA0030;Startech
STA0032;Startech
STA0036;Startech
STA0033;Startech
STA0034;Startech
STA0035;Startech
ELG0042;Elgato
DLK0068-A;D-Link
STA0042;Startech
STA0054;Startech
STA0044;Startech
STA0041;Startech
STA0048;Startech
STA0045;Startech
BNQ0047;BenQ
STA0043;Startech
TPL0032;TP-Link
STA0056;Startech
STA0057;Startech
TAM0006;Tangram
BOS0045;Bose
NTE0102;NewerTech
NTE0103;NewerTech
LEE0010;Leef
NTE0104;NewerTech
NTE0105;NewerTech
STA0037;Startech
STA0038;Startech
STA0039;Startech
NTE0106;NewerTech
STA0040;Startech
STA0046;Startech
STA0052;Startech
KIN0149-A;Kingston
STA0053;Startech
LGE0038-A;LG
STA0049;Startech
TPL0033;TP-Link
STA0050;Startech
STA0051;Startech
TPL0034;TP-Link
TUC0302;Tucano
TUC0303;Tucano
TUC0304;Tucano
TUC0305;Tucano
TUC0306;Tucano
TUC0307;Tucano
SYN0156;Synology
PAC1059;Pack
APP1194;Apple
APP1378;Apple
PAC1232;Pack
PAC1622;Pack
PAC1026;Pack
PAC1028;Pack
PAC1029;Pack
PAC1033;Pack
PAC1040;Pack
PAC1049;Pack
PAC1058;Pack
APP1194;Apple
APP1378;Apple
PAC1026;Pack
PAC1028;Pack
PAC1029;Pack
PAC1033;Pack
PAC1040;Pack
PAC1049;Pack
PAC1058;Pack
TUC0292;Tucano
BLM0011;Blue Microphones
TUC0296;Tucano
TUC0293;Tucano
TUC0297;Tucano
PAR0068;Parrot
PAC1890;Pack
PAC1891;Pack
PAC1898;Pack
PAC1874;Pack
PAC1901;Pack
PAC1879;Pack
PAC1882;Pack
PAC1883;Pack
PAC1884;Pack
IFX0017-A;iFixit
ZAG0018-A;ZaggKeys
APP1913-A;Apple
SAM0110-A;Samsung
SAN0161;SanDisk
SAN0165;SanDisk
PAC1917;Pack
SAT0002-A;Satechi
PAC1910;Pack
PAC1913;Pack
SEA0105;Seagate
LAC0173;LaCie
SAT0005-A;Satechi
PAC1911;Pack
PAC1912;Pack
NTE0039-A;NewerTech
TUC0249-A;Tucano
PAC1918;Pack
PAC1920;Pack
PAC1927;Pack
SAN0116-A;SanDisk
WIT0017-A;Withings
BEL0227-A;Belkin
SYN0133;Synology
PAC1361;Pack
PAC1365;Pack
PAC1366;Pack
PAC1367;Pack
SYN0141-A;Synology
PAC1907;Pack
PAC1906;Pack
OTT0098-A;Otterbox
LGE0024-A;LG
BEL0294;Belkin
HTE0005;Hyper Pearl
WAC0214;Wacom
WAC0215;Wacom
PIE0079;Replacement
PIE0081;Replacement
XDO0031;X-Doria
XDO0030;X-Doria
XDO0032;X-Doria
WAC0216;Wacom
XDO0029;X-Doria
WAC0218;Wacom
WAC0220;Wacom
WAC0217;Wacom
XDO0033;X-Doria
XDO0035;X-Doria
XDO0034;X-Doria
XDO0037;X-Doria
LIF0108;Lifeproof
LIF0117;Lifeproof
LIF0116;Lifeproof
LIF0111;Lifeproof
LIF0113;Lifeproof
LIF0110;Lifeproof
LIF0109;Lifeproof
LIF0112;Lifeproof
APP1039-A;Apple
CRU0044;Crucial
LAC0208;LaCie
APP1577-A;Apple
APP0924-A;Apple
QNA0203;QNAP
COG0011-A;Cogito
WDT0331-A;Western Digital
WAC0222;Wacom
PRO0016;Promise
BEL0127;Belkin
BEL0234;Belkin
SYN0157;Synology
EIZ0013;Eizo
GTE0081;G-Technology
EIZ0017;Eizo
EIZ0015;Eizo
EIZ0016;Eizo
PUR0144-A;Puro
GRT0427-A;Griffin
SAT0003-A;Satechi
APP1129-A;Apple
GTE0089;G-Technology
EIZ0018;Eizo
KEN0237-A;Jaybird
CRU0047-A;Crucial
APP1374-A;Apple
EIZ0022;Eizo
OWC0123-A;OWC
OWC0185-A;OWC
EIZ0020;Eizo
BEL0296;Belkin
STA0032-A;Startech
JBL0134;JBL
JBL0133;JBL
TWS0104;Twelve South
TWS0105;Twelve South
JBL0121;JBL
JBL0122;JBL
HAR0014;Harman Kardon
MUJ0025;Mophie
APP1899-A;Apple
MUJ0026;Mophie
MUJ0020;Mophie
MUJ0024;Mophie
MUJ0023;Mophie
MUJ0022;Mophie
SYN0121-A;Synology
ELA0001;Elago
ELA0002;Elago
ELA0014;Elago
ELA0008;Elago
ELA0009;Elago
ELA0016;Elago
ELA0018;Elago
ELA0017;Elago
ELA0019;Elago
ELA0004;Elago
ELA0012;Elago
ELA0013;Elago
8MO0001;8Mobility
TRK0005-A;TrackR
8MO0002;8Mobility
8MO0003;8Mobility
8MO0004;8Mobility
OLI0001;Olixar
8MO0005;8Mobility
8MO0006;8Mobility
ELA0015;Elago
ELA0005;Elago
TWS0106;Twelve South
SAN0143-A;SanDisk
SPE0132-A;Spek SeeThru
LOG0222;Logitech
APP1958;Apple
KEN0241;Jaybird
KEN0242;Jaybird
NEA0012;Netatmo
TWS0107;Twelve South
LEX0034;Lexar
LEX0035;Lexar
LEX0036;Lexar
GRT0446;Griffin
GRT0447;Griffin
NEA0013;Netatmo
PIE0082;Replacement
JBL0112;JBL
JBL0114;JBL
BLL0004-A;BlueLounge
LEX0006;Lexar
IOT0019;iOttie
JAW0042-A;Jawbone
SAN0064-A;SanDisk
SYN0136;Synology
PAC1421;Pack
PAC1424;Pack
PAC1427;Pack
PHI0073;Philips
APP1835-A;Apple
NOM0017;Nomad
NOM0018;Nomad
NOM0015;Nomad
NOM0016;Nomad
SPE0183;Spek SeeThru
SPE0184;Spek SeeThru
SPE0185;Spek SeeThru
SPE0186;Spek SeeThru
NOM0020;Nomad
DLK0132;D-Link
NOM0019;Nomad
OWC0211;OWC
WAC0223;Wacom
WAC0224;Wacom
HOW0001;Honeywell
GLY0001;Glyph Atom
PHI0074;Philips
GLY0003;Glyph Atom
TUC0268-A;Tucano
PHI0075;Philips
QNA0208;QNAP
REP0294;Repair
REP0317;Repair
QNA0206;QNAP
REP0295;Repair
QNA0210;QNAP
PAC2180;Pack
SEA0097-A;Seagate
SEA0103-A;Seagate
BEL0225-A;Belkin
WDT0242-A;Western Digital
IOT0007-A;iOttie
LEX0035-A;Lexar
APP1804-A;Apple
THU0039;Thule
THU0040;Thule
THU0041;Thule
THU0042;Thule
THU0043;Thule
THU0044;Thule
NDA0001;Nonda
NDA0002;Nonda
NDA0003;Nonda
NDA0004;Nonda
SXA0010;SecurityXtra
NTE0048-A;NewerTech
SXA0005;SecurityXtra
STK0001;Stikgo
STK0002;Stikgo
STK0004;Stikgo
STK0006;Stikgo
STK0007;Stikgo
STK0009;Stikgo
SEA0105-A;Seagate
TPL0017-A;TP-Link
AP20022;Apple
STK0008;Stikgo
WAC0225;Wacom
APP1960;Apple
APP1962;Apple
APP1961;Apple
APP1963;Apple
APP1964;Apple
APP1968;Apple
APP1965;Apple
APP1966;Apple
APP1967;Apple
APP1970;Apple
APP1972;Apple
APP1969;Apple
APP1971;Apple
APP1973;Apple
APP1974;Apple
APP1975;Apple
APP1976;Apple
APP1978;Apple
APP1979;Apple
APP1981;Apple
APP1982;Apple
APP1959;Apple
APP1997;Apple
APP2006;Apple
APP2167;Apple
APP2008;Apple
APP2009;Apple
APP2010;Apple
APP1983;Apple
APP1990;Apple
APP1991;Apple
WAC0228;Wacom
WAC0230;Wacom
APP1984;Apple
APP1985;Apple
APP1988;Apple
WAC0231;Wacom
APP1986;Apple
APP1989;Apple
APP1992;Apple
SXA0014;SecurityXtra
WAC0227;Wacom
WAC0229;Wacom
WAC0235;Wacom
WAC0236;Wacom
BEZ0191-A;Be.ez
STM0091-A;STM
HOC0010;Hoco Nike
HOC0008;Hoco Nike
HOC0007;Hoco Nike
PAC1925;Pack
HOC0001;Hoco Nike
MAT0002;Matias
HOC0002;Hoco Nike
MAT0001;Matias
HOC0003;Hoco Nike
HOC0004;Hoco Nike
HOC0005;Hoco Nike
HOC0006;Hoco Nike
STC0002;Stacked
LAC0222;LaCie
LAC0223;LaCie
LAC0224;LaCie
PAC1932;Pack
SAT0045;Satechi
LAC0219;LaCie
LAC0220;LaCie
LAC0221;LaCie
SAT0048;Satechi
SAT0047;Satechi
PAC1931;Pack
PAC1928;Pack
OWC0213;OWC
OWC0214;OWC
OWC0215;OWC
OWC0216;OWC
OWC0217;OWC
LAC0225;LaCie
DLL0044;Dell
DLL0042;Dell
DLL0043;Dell
DLL0045;Dell
SNN0050;Sonnet
ELG0043;Elgato
PLA0018;Plantronics
HTE0007;Hyper Pearl
SAT0023;Satechi
GRT0458;Griffin
GRT0460;Griffin
QNA0214;QNAP
QNA0217;QNAP
QNA0219;QNAP
STA0058;Startech
GRT0453;Griffin
GRT0457;Griffin
GRT0459;Griffin
GRT0455;Griffin
GRT0456;Griffin
PLA0019;Plantronics
PLA0020;Plantronics
PLA0021;Plantronics
PLA0023;Plantronics
PLA0024;Plantronics
WDT0375;Western Digital
WDT0376;Western Digital
PLA0025;Plantronics
BOO0084;Booq
BOO0086;Booq
BOO0085;Booq
PLA0027;Plantronics
PLA0028;Plantronics
WAC0203;Wacom
WAC0204;Wacom
WAC0205;Wacom
WAC0206;Wacom
MUJ0018-A;Mophie
IFX0150-A;iFixit
ELA0020;Elago
ELA0021;Elago
MUV0155-A;Muvit
ELA0022;Elago
SPE0184-A;Spek SeeThru
LEX0036-A;Lexar
WDT0169-A;Western Digital
DLL0046;Dell
OWC0206-A;OWC
SEA0100-A;Seagate
NTE0109-A;NewerTech
QNA0066-A;QNAP
LIF0070-A;Lifeproof
TWS0107-A;Twelve South
APP1565;Apple
OWC0180-A;OWC
APP1195-A;Apple
BEZ0204;Be.ez
BEZ0205;Be.ez
BEZ0207;Be.ez
BEZ0208;Be.ez
BEZ0209;Be.ez
BEZ0212;Be.ez
BEZ0213;Be.ez
BEZ0214;Be.ez
DRO0024;Drobo
LMP0019;LMP
LMP0018;LMP
LEX0038;Lexar
LOG0223;Logitech
DOD0001;Dodocool
LOG0225;Logitech
LOG0227;Logitech
ALL0003;Allocacoc
ALL0004;Allocacoc
ALL0005;Allocacoc
ALL0006;Allocacoc
ALL0007;Allocacoc
ALL0008;Allocacoc
ALL0009;Allocacoc
LOG0228;Logitech
LOG0229;Logitech
SAT0049;Satechi
PAC2043;Pack
SYN0163;Synology
PAC1990;Pack
PAC1995;Pack
PAC2006;Pack
PAC2007;Pack
PAC2044;Pack
PAC2045;Pack
PAC2046;Pack
PAC2047;Pack
PAC2048;Pack
PAC2053;Pack
PAC2054;Pack
TRA0028-A;Trascend
QNA0210-A;QNAP
LAC0224-A;LaCie
AP20079;Apple
AP20073;Apple
AP20075;Apple
AP20077;Apple
AP20078;Apple
PAC2055;Pack
SYN0162;Synology
PAC1972;Pack
PAC1979;Pack
PAC2060;Pack
AP20091;Apple
AP20107;Apple
AP20082;Apple
HOC0011;Hoco Nike
ELA0023;Elago
ELA0024;Elago
ELA0026;Elago
ELA0027;Elago
HOC0012;Hoco Nike
HOC0013;Hoco Nike
HOC0014;Hoco Nike
ELA0033;Elago
ELA0034;Elago
ELA0032;Elago
ELA0029;Elago
AP20094;Apple
AKI0007;Akitio
PAC2057;Pack
AP20102;Apple
PAC2056;Pack
AP20140;Apple
AP20142;Apple
AP20153;Apple
AP20150;Apple
ELA0028;Elago
APP1204;Apple
AP20097;Apple
AP20172;Apple
AP20164;Apple
AP20174;Apple
AP20168;Apple
AP20169;Apple
AP20170;Apple
AP20178;Apple
AP20138;Apple
AP20139;Apple
AP20143;Apple
AP20181;Apple
AP20144;Apple
AP20185;Apple
AP20188;Apple
AP20106;Apple
AP20148;Apple
AP20108;Apple
AP20109;Apple
AP20110;Apple
AP20137;Apple
AP20114;Apple
AP20116;Apple
AKI0008;Akitio
PHI0076;Philips
AKI0009;Akitio
ELA0030;Elago
ELA0031;Elago
ELA0037;Elago
ELA0038;Elago
AP20120;Apple
AP20122;Apple
AP20124;Apple
AP20125;Apple
AP20129;Apple
AKI0012;Akitio
AKI0013;Akitio
AKI0014;Akitio
KAN0025-A;Kanex
NTE0050-A;NewerTech
OTT0095-A;Otterbox
AKI0019;Akitio
AKI0021;Akitio
APP1511;Apple
APP1512;Apple
APP1526;Apple
AKI0015;Akitio
AP20131;Apple
ADN0043;Adonit
ADN0044;Adonit
ADN0046;Adonit
TUC0312;Tucano
TUC0309;Tucano
TUC0310;Tucano
LGE0052;LG
LGE0049;LG
LGE0055;LG
LGE0051;LG
SSE0001;Sen.se
SSE0002;Sen.se
LGE0057;LG
SSE0003;Sen.se
LAC0226;LaCie
APP2084;Apple
PAC2131;Pack
PAC2133;Pack
APP2238;Apple
PAC2132;Pack
PAC2134;Pack
PAC2136;Pack
APP2218;Apple
APP2220;Apple
PAC2098;Pack
PAC2100;Pack
PAC2085;Pack
PAC2089;Pack
APP2219;Apple
PAC2093;Pack
PAC2099;Pack
PAC2101;Pack
PAC2103;Pack
APP2083;Apple
APP2210;Apple
PAC2130;Pack
PAC2129;Pack
PAC2068;Pack
PAC2070;Pack
PAC2069;Pack
APP2211;Apple
PAC2072;Pack
PAC2137;Pack
APP2085;Apple
PAC2139;Pack
PAC2141;Pack
APP2239;Apple
PAC2140;Pack
PAC2142;Pack
APP2226;Apple
PAC2116;Pack
PAC2118;Pack
PAC2120;Pack
PAC2122;Pack
APP2223;Apple
PAC2105;Pack
PAC2107;Pack
PAC2109;Pack
APP2225;Apple
PAC2111;Pack
PAC2113;Pack
PAC2115;Pack
APP2227;Apple
PAC2117;Pack
PAC2119;Pack
PAC2121;Pack
APP2229;Apple
PAC2125;Pack
PAC2127;Pack
LAC0227;LaCie
APP2076;Apple
APP2256;Apple
APP2258;Apple
APP2260;Apple
APP2264;Apple
APP2267;Apple
APP2270;Apple
APP2272;Apple
APP2275;Apple
APP2277;Apple
APP2078;Apple
APP2287;Apple
APP2289;Apple
APP2077;Apple
APP2079;Apple
APP2256;Apple
APP2258;Apple
APP2260;Apple
APP2264;Apple
APP2267;Apple
APP2076;Apple
APP2270;Apple
APP2272;Apple
APP2275;Apple
APP2277;Apple
APP2080;Apple
APP2231;Apple
APP2182;Apple
APP2183;Apple
APP2078;Apple
APP2287;Apple
APP2289;Apple
APP2079;Apple
APP2077;Apple
APP2068;Apple
APP2313;Apple
APP2315;Apple
APP2319;Apple
APP2321;Apple
APP2323;Apple
APP2328;Apple
APP2070;Apple
APP2318;Apple
APP2320;Apple
APP2069;Apple
APP2071;Apple
APP2343;Apple
APP2342;Apple
APP2344;Apple
APP2346;Apple
APP2351;Apple
APP2088;Apple
APP2092;Apple
APP2111;Apple
APP2112;Apple
APP2113;Apple
APP2117;Apple
APP2118;Apple
APP2114;Apple
APP2119;Apple
APP2115;Apple
APP2122;Apple
APP2120;Apple
APP2125;Apple
APP2126;Apple
APP2129;Apple
APP2127;Apple
APP2128;Apple
APP2135;Apple
APP2130;Apple
APP2132;Apple
APP2133;Apple
APP2136;Apple
APP2137;Apple
APP2140;Apple
APP2138;Apple
APP2142;Apple
APP2143;Apple
APP2144;Apple
APP2145;Apple
APP2149;Apple
APP2150;Apple
APP2146;Apple
APP2148;Apple
APP2058;Apple
APP2059;Apple
APP2060;Apple
APP2063;Apple
APP2064;Apple
APP2406;Apple
APP2408;Apple
APP2425;Apple
APP2431;Apple
APP2435;Apple
APP2417;Apple
APP2428;Apple
APP2139;Apple
APP2066;Apple
APP2094;Apple
SNN0055;Sonnet
APP2086;Apple
GTE0093;G-Technology
APP2102;Apple
GTE0097;G-Technology
APP2110;Apple
GTE0094;G-Technology
GTE0095;G-Technology
GTE0096;G-Technology
GTE0098;G-Technology
GTE0100;G-Technology
GTE0101;G-Technology
APP2231;Apple
APP2080;Apple
APP2182;Apple
APP2183;Apple
APP2199;Apple
APP2197;Apple
APP2082;Apple
APP2233;Apple
APP2234;Apple
APP2237;Apple
APP2194;Apple
APP2195;Apple
APP2191;Apple
APP2205;Apple
APP2081;Apple
APP2232;Apple
APP2185;Apple
APP2187;Apple
APP2246;Apple
APP2248;Apple
APP2249;Apple
APP2250;Apple
APP2067;Apple
APP2246;Apple
APP2248;Apple
APP2249;Apple
APP2250;Apple
APP2258;Apple
APP2076;Apple
APP2256;Apple
APP2264;Apple
APP2267;Apple
APP2270;Apple
APP2272;Apple
APP2275;Apple
APP2277;Apple
APP2077;Apple
APP2079;Apple
APP2078;Apple
APP2287;Apple
APP2289;Apple
OWC0218;OWC
OWC0219;OWC
OWC0220;OWC
APP2260;Apple
APP2076;Apple
APP2256;Apple
APP2258;Apple
APP2260;Apple
APP2267;Apple
APP2270;Apple
APP2272;Apple
APP2275;Apple
APP2277;Apple
APP2077;Apple
APP2079;Apple
APP2078;Apple
APP2287;Apple
APP2289;Apple
APP2264;Apple
APP2076;Apple
APP2256;Apple
APP2258;Apple
APP2260;Apple
APP2267;Apple
APP2272;Apple
APP2275;Apple
APP2277;Apple
APP2077;Apple
APP2079;Apple
APP2078;Apple
APP2287;Apple
APP2289;Apple
APP2270;Apple
OWC0220-2;OWC
OWC0219-4;OWC
OWC0219-2;OWC
OWC0218-2;OWC
APP2076;Apple
APP2256;Apple
APP2258;Apple
APP2260;Apple
APP2264;Apple
APP2267;Apple
APP2272;Apple
APP2277;Apple
APP2077;Apple
APP2079;Apple
APP2078;Apple
APP2287;Apple
APP2289;Apple
APP2275;Apple
APP2289;Apple
GLY0004;Glyph Atom
GLY0020;Glyph Atom
GLY0011;Glyph Atom
GLY0016;Glyph Atom
GLY0017;Glyph Atom
APP2380;Apple
SAT0050;Satechi
SAT0051;Satechi
PAC2143;Pack
PAC2153;Pack
APP2012;Apple
APP2013;Apple
PAC1940;Pack
APP2015;Apple
PAC1941;Pack
PAC1942;Pack
APP2016;Apple
PAC1943;Pack
SNN0056;Sonnet
ELG0044;Elgato
SNN0060;Sonnet
APP2176;Apple
APP2177;Apple
APP2160;Apple
APP2161;Apple
APP2165;Apple
APP2168;Apple
APP2169;Apple
APP2179;Apple
APP2170;Apple
APP2171;Apple
APP2158;Apple
APP2159;Apple
APP2173;Apple
APP2174;Apple
APP2155;Apple
APP1977-A;Apple
STA0020-A;Startech
SEA0104-A;Seagate
CRU0015-2-A;Crucial
GRT0416-A;Griffin
HTE0004-A;Hyper Pearl
HOC0003-A;Hoco Nike
LAC0165-A;LaCie
LIF0110-A;Lifeproof
KIN0160;Kingston
KIN0161;Kingston
KIN0162;Kingston
TPL0035;TP-Link
BNQ0053;BenQ
KAN0053;Kanex
BNQ0049;BenQ
BNQ0050;BenQ
LGE0054;LG
LGE0056;LG
LMP0020;LMP
LMP0021;LMP
LMP0022;LMP
LMP0023;LMP
QNA0222;QNAP
PAC2164;Pack
PAC2171;Pack
BOS0049;Bose
BOS0050;Bose
QNA0220;QNAP
PAC1696;Pack
TUC0313;Tucano
TUC0315;Tucano
TAD0001;Tado
OWC0225;OWC
OWC0226;OWC
AP20215;Apple
TUC0316;Tucano
IOT0020;iOttie
DLK0133;D-Link
AP20192;Apple
AP20193;Apple
AP20194;Apple
AP20201;Apple
AP20203;Apple
AP20209;Apple
LAC0228;LaCie
BOS0053;Bose
BOS0047;Bose
BOS0048;Bose
PRY0001;Prynt
PRY0002;Prynt
PRY0003;Prynt
SPE0187;Spek SeeThru
SPE0188;Spek SeeThru
SPE0190;Spek SeeThru
BEL0297;Belkin
WAC0191-A;Wacom
JBL0123;JBL
JBL0124;JBL
ICA0080;Incase
ICA0077;Incase
ICA0081;Incase
ICA0079;Incase
ICA0078;Incase
POL0007;Polaroid
POL0008;Polaroid
IFX0153;iFixit
DVI0002;Devia
SAN0174;SanDisk
SAN0175;SanDisk
SAN0177;SanDisk
SAN0178;SanDisk
JBL0125;JBL
JMO0084-A;Just Mobile
TPL0012-A;TP-Link
QNA0161-A;QNAP
LAC0186-A;LaCie
APP2073-A;Apple
IFX0164;iFixit
IFX0165;iFixit
IFX0168;iFixit
IFX0163;iFixit
CYB0002;Cyberpower
IFX0158;iFixit
IFX0159;iFixit
CYB0003;Cyberpower
IFX0160;iFixit
IFX0161;iFixit
CYB0004;Cyberpower
AP20218;Apple
AP20222;Apple
DRO0025;Drobo
AP20226;Apple
AP20227;Apple
AP20232;Apple
AP20233;Apple
AP20234;Apple
OWC0233-2;OWC
OWC0234-2;OWC
OWC0235-2;OWC
AP20249;Apple
OWC0235-4;OWC
OWC0235-8;OWC
AP20237;Apple
AP20238;Apple
AP20241;Apple
OWC0194-2;OWC
AP20254;Apple
WDT0377;Western Digital
AP20255;Apple
AP20258;Apple
WDT0378;Western Digital
WDT0379;Western Digital
WDT0380;Western Digital
SYN0165;Synology
JBL0128;JBL
JBL0129;JBL
AP20186;Apple
AP20118;Apple
AP20119;Apple
AP20127;Apple
APP2007;Apple
AP20265;Apple
AP20266;Apple
AP20273;Apple
AP20279;Apple
AP20280;Apple
AP20281;Apple
AP20282;Apple
AP20283;Apple
AP20287;Apple
POL0010;Polaroid
MAC0136;Macally
AP20219;Apple
GOP0090;GoPro
APP2440;Apple
AP20024;Apple
BEL0218;Belkin
BEZ0185;Be.ez
WAC0240;Wacom
QNA0221;QNAP
TRN0008;Trunk Sleeve
TUC0318;Tucano
TUC0319;Tucano
MIN0001;Minibatt
MIN0002;Minibatt
MIN0003;Minibatt
WIK0002;Wikango
TUC0325;Tucano
TUC0326;Tucano
TUC0327;Tucano
TUC0329;Tucano
TUC0330;Tucano
TUC0331;Tucano
TUC0332;Tucano
TUC0336;Tucano
TUC0337;Tucano
TUC0333;Tucano
TUC0334;Tucano
LAC0233;LaCie
CRU0052;Crucial
WAC0205-A;Wacom
CRU0053;Crucial
JBL0123-A;JBL
SEA0098-A;Seagate
SYN0168;Synology
LAC0230;LaCie
LAC0231;LaCie
LGE0061;LG
WDT0381;Western Digital
WDT0382;Western Digital
WDT0386;Western Digital
APP2444;Apple
WDT0383;Western Digital
AKI0015-A;Akitio
SEA0099-A;Seagate
QNA0211-A;QNAP
LOG0181;Logitech
GRT0407-A;Griffin
TUC0305-A;Tucano
SAT0022-A;Satechi
DLK0133-A;D-Link
BNQ0053-A;BenQ
JYB0002;Jaybird
JYB0004;Jaybird
MAT0003;Matias
KAN0047-A;Kanex
APP1188-A;Apple
APP2145-A;Apple
OWC0237;OWC
OWC0238;OWC
OWC0130;OWC
GTE0028;G-Technology
APP2466;Apple
SHE0040;SwitchEasy
SHE0041;SwitchEasy
SPE0211;Spek SeeThru
MUV0181;Muvit
AP20299;Apple
AP20302;Apple
AP20303;Apple
AP20310;Apple
AP20315;Apple
AP20317;Apple
AP20321;Apple
AP20322;Apple
AP20296;Apple
AP20305;Apple
SAM0114;Samsung
SAM0115;Samsung
SAM0116;Samsung
MUV0183;Muvit
AP20318;Apple
MUJ0027;Mophie
MUJ0029;Mophie
MUJ0030;Mophie
MUJ0032;Mophie
MUJ0035;Mophie
PUR0151;Puro
PUR0150;Puro
ELA0039;Elago
MUJ0028;Mophie
ELA0040;Elago
ELA0041;Elago
ELA0042;Elago
PUR0152;Puro
ELA0043;Elago
ELA0044;Elago
PUR0153;Puro
PUR0154;Puro
ELA0045;Elago
JMO0095;Just Mobile
JMO0096;Just Mobile
JMO0097;Just Mobile
MUV0188;Muvit
APP2471;Apple
APP2472;Apple
APP2473;Apple
APP2474;Apple
APP2475;Apple
APP2477;Apple
APP2478;Apple
APP2479;Apple
APP2480;Apple
APP2481;Apple
APP2482;Apple
APP2483;Apple
APP2487;Apple
APP2488;Apple
APP2484;Apple
APP2489;Apple
APP2485;Apple
APP2486;Apple
ALL0014;Allocacoc
ALL0015;Allocacoc
ALL0012;Allocacoc
ALL0013;Allocacoc
ALL0016;Allocacoc
ALL0017;Allocacoc
SPE0191;Spek SeeThru
SPE0192;Spek SeeThru
SPE0193;Spek SeeThru
SPE0194;Spek SeeThru
SPE0195;Spek SeeThru
SPE0197;Spek SeeThru
TUC0338;Tucano
ALL0019;Allocacoc
ALL0011;Allocacoc
ALL0002;Allocacoc
ALL0001;Allocacoc
SPE0199;Spek SeeThru
SPE0200;Spek SeeThru
TUC0340;Tucano
SPE0201;Spek SeeThru
SPE0202;Spek SeeThru
SPE0206;Spek SeeThru
SPE0207;Spek SeeThru
TUC0341;Tucano
SPE0208;Spek SeeThru
CRU0052-2;Crucial
CRU0052-4;Crucial
CRU0053-2;Crucial
CRU0053-4;Crucial
TUC0344;Tucano
TUC0345;Tucano
XDO0038;X-Doria
KIN0160-2;Kingston
OWC0251;OWC
OWC0250;OWC
OWC0245;OWC
OWC0249;OWC
XDO0039;X-Doria
XDO0041;X-Doria
XDO0043;X-Doria
XDO0040;X-Doria
XDO0042;X-Doria
AP20133;Apple
AP20134;Apple
AP20341;Apple
AP20339;Apple
AP20334;Apple
AP20337;Apple
AP20336;Apple
SSE0004;Sen.se
SSE0005;Sen.se
SSE0006;Sen.se
MUV0182;Muvit
MUV0186;Muvit
MUV0192;Muvit
MUV0191;Muvit
LGE0062;LG
APP2491;Apple
APP2492;Apple
APP2494;Apple
APP2495;Apple
APP2496;Apple
APP2493;Apple
APP2498;Apple
APP2497;Apple
APP2499;Apple
APP2500;Apple
APP2501;Apple
APP2502;Apple
SAN0181;SanDisk
OWC0228;OWC
SAN0182;SanDisk
SAN0183;SanDisk
OWC0230;OWC
OWC0231;OWC
SOF0125;Software
SAN0184;SanDisk
MOS0219;Moshi
MOS0224;Moshi
MOS0225;Moshi
MOS0226;Moshi
MUV0184;Muvit
SYN0170;Synology
MUV0187;Muvit
MUV0189;Muvit
APP2503;Apple
APP2504;Apple
APP2505;Apple
APP2506;Apple
APP2507;Apple
APP2508;Apple
APP2509;Apple
APP2510;Apple
BEZ0181-A;Be.ez
APP2511;Apple
APP2512;Apple
APP2513;Apple
APP2515;Apple
APP2516;Apple
APP1210-A;Apple
APP2520;Apple
KEN0239-A;Jaybird
APP2522;Apple
OWC0129-A;OWC
APP2523;Apple
APP2526;Apple
APP2527;Apple
PAC2189;Pack
APP2528;Apple
BEL0285-A;Belkin
IHE0017-A;iHealth
IHE0020-A;iHealth
SAT0037-A;Satechi
DLL0050;Dell
APP2531;Apple
APP2532;Apple
APP2533;Apple
APP2535;Apple
APP2536;Apple
LGE0063;LG
SAT0053;Satechi
SAT0052;Satechi
CRU0026-A;Crucial
TPL0026-A;TP-Link
OWC0209-A;OWC
APP2142-A;Apple
LAC0235;LaCie
LAC0236;LaCie
LAC0237;LaCie
LAC0238;LaCie
DJI0013;DJI
NKI0003;Nokia
NKI0008;Nokia
NKI0002;Nokia
NKI0001;Nokia
AP20356;Apple
MIN0007;Minibatt
MIN0006;Minibatt
MIN0005;Minibatt
NIE0004;Ninebot
SYN0176;Synology
SYN0178;Synology
SYN0175;Synology
SYN0174;Synology
PAC2202;Pack
PAC2206;Pack
PAC2210;Pack
SYN0173;Synology
PAC2221;Pack
PAC2224;Pack
PAC2362;Pack
SYN0172;Synology
PAC2256;Pack
PAC2271;Pack
PAC2433;Pack
PAC2422;Pack
PAC2440;Pack
APP2562;Apple
PAC2187;Pack
STA0031;Startech
ZAG0024;ZaggKeys
GOP0092;GoPro
ZAG0026;ZaggKeys
ZAG0029;ZaggKeys
ZAG0028;ZaggKeys
NTE0110;NewerTech
NTE0111;NewerTech
NTE0112;NewerTech
NTE0113;NewerTech
NTE0114;NewerTech
NTE0116;NewerTech
SPH0014;Sphero
NTE0115;NewerTech
NTE0117;NewerTech
SPH0015;Sphero
SPH0016;Sphero
NTE0118;NewerTech
SPH0017;Sphero
SPH0018;Sphero
NTE0120;NewerTech
APP2616;Apple
SPH0021;Sphero
SPH0019;Sphero
APP2623;Apple
SPH0013;Sphero
PAC2277;Pack
AP20051;Apple
PAC2276;Pack
AP20359;Apple
JMO0098;Just Mobile
JMO0100;Just Mobile
STM0095;STM
STM0096;STM
BEA0071;Beats
BEA0072;Beats
BEA0073;Beats
BEA0074;Beats
MOS0229;Moshi
MOS0234;Moshi
MOS0235;Moshi
MOS0230;Moshi
MOS0231;Moshi
MOS0232;Moshi
MOS0233;Moshi
IKM0058;IK Multimedia
APP2541;Apple
APP2539;Apple
APP2540;Apple
APP2550;Apple
SAN0190;SanDisk
APP2551;Apple
APP2552;Apple
APP2553;Apple
APP2554;Apple
APP2556;Apple
APP2555;Apple
APP2558;Apple
APP2557;Apple
SAN0186;SanDisk
SAN0188;SanDisk
APP2542;Apple
APP2543;Apple
APP2544;Apple
APP2546;Apple
APP2547;Apple
BEL0316;Belkin
BEL0304;Belkin
BEL0307;Belkin
BEL0308;Belkin
BEL0306;Belkin
BEL0300;Belkin
BEA0066;Beats
BEA0068;Beats
OWC0239;OWC
OWC0240;OWC
BEL0365;Belkin
BEL0301;Belkin
GTE0108;G-Technology
LGE0064;LG
BEL0361;Belkin
BEL0363;Belkin
BEL0364;Belkin
GTE0118;G-Technology
ADN0047;Adonit
ADN0048;Adonit
JBL0146;JBL
SYN0180;Synology
PAC2281;Pack
PAC2285;Pack
SYN0181;Synology
PAC2287;Pack
PAC2289;Pack
SYN0182;Synology
PAC2293;Pack
LGE0065;LG
PRY0004;Prynt
PRY0005;Prynt
PRY0006;Prynt
MUV0193;Muvit
NTE0124;NewerTech
SYN0105-A;Synology
MOL0002;Moleskine
APP2496-A;Apple
MOL0003;Moleskine
TCH0005;Tech21
TCH0006;Tech21
TCH0007;Tech21
NTE0126;NewerTech
NTE0122;NewerTech
NTE0123;NewerTech
SAT0004-A;Satechi
DLL0048;Dell
OTT0160;Otterbox
OTT0161;Otterbox
OTT0162;Otterbox
DLL0049;Dell
OTT0172;Otterbox
LIF0139;Lifeproof
OTT0164;Otterbox
OTT0165;Otterbox
OTT0166;Otterbox
OTT0167;Otterbox
OTT0168;Otterbox
BEL0317;Belkin
PAR0072;Parrot
NES0006;Nest
NES0010;Nest
PAR0071;Parrot
NES0009;Nest
MMW0003;My MW
MMW0001;My MW
MMW0004;My MW
MMW0005;My MW
OWC0257;OWC
OWC0258;OWC
OWC0259;OWC
OWC0254;OWC
OWC0255;OWC
OWC0256;OWC
MMW0011;My MW
MMW0012;My MW
MMW0013;My MW
WDT0398;Western Digital
WDT0396;Western Digital
TRA0042;Trascend
OTT0170;Otterbox
OTT0169;Otterbox
BEL0318;Belkin
OTT0163;Otterbox
BEL0320;Belkin
TRA0043;Trascend
BEL0324;Belkin
BOS0057;Bose
BOS0058;Bose
DLL0052;Dell
ADN0050;Adonit
ADN0053;Adonit
BEL0302;Belkin
AP20371;Apple
AP20379;Apple
AP20383;Apple
AP20382;Apple
AP20381;Apple
AP20367;Apple
AP20049;Apple
IFX0174;iFixit
IFX0175;iFixit
NEA0014;Netatmo
NEA0015;Netatmo
BOS0060;Bose
BOS0059;Bose
BOS0054;Bose
BNQ0057;BenQ
BNQ0058;BenQ
BNQ0061;BenQ
BOS0055;Bose
FIT0033;Fitbit
FIT0056;Fitbit
FIT0058;Fitbit
FIT0059;Fitbit
QNA0251;QNAP
JBL0143;JBL
JBL0142;JBL
JBL0141;JBL
JBL0135;JBL
JBL0136;JBL
NKI0011;Nokia
BEL0344;Belkin
BEL0346;Belkin
BEL0350;Belkin
STA0038;Startech
NKI0010;Nokia
NKI0009;Nokia
DJI0016;DJI
NKI0006;Nokia
NKI0005;Nokia
NKI0004;Nokia
DLK0134;D-Link
EVU0003;Evutec
EVU0004;Evutec
EVU0005;Evutec
NOM0023;Nomad
EVU0006;Evutec
EVU0007;Evutec
EVU0008;Evutec
EVU0009;Evutec
EVU0010;Evutec
EVU0011;Evutec
GOP0093;GoPro
NOM0025;Nomad
NOM0027;Nomad
NOM0026;Nomad
QNA0246;QNAP
PHI0080;Philips
PHI0078;Philips
QNA0250;QNAP
PHI0077;Philips
APP1037-A;Apple
BEL0360;Belkin
BEL0352;Belkin
BEL0355;Belkin
LIF0130;Lifeproof
LIF0122;Lifeproof
LIF0127;Lifeproof
LIF0126;Lifeproof
LOG0234;Logitech
EVU0012;Evutec
AP20369;Apple
BEL0330;Belkin
BEL0368;Belkin
BEL0332;Belkin
OTT0183;Otterbox
AP20152;Apple
OTT0184;Otterbox
AP20394;Apple
BEL0333;Belkin
OTT0171;Otterbox
BOD0003;BodyGuardz
LIF0135;Lifeproof
LIF0132;Lifeproof
LIF0142;Lifeproof
SAT0064;Satechi
SAT0065;Satechi
SAT0069;Satechi
SAT0070;Satechi
SAT0055;Satechi
SAT0054;Satechi
KAN0055;Kanex
FIB0002;Fibaro
MOS0238;Moshi
FIB0003;Fibaro
FIB0004;Fibaro
FIB0006;Fibaro
FIB0005;Fibaro
TRK0006;TrackR
TRK0007;TrackR
TRK0008;TrackR
APP2631;Apple
SAT0056;Satechi
HTE0016;Hyper Pearl
HTE0019;Hyper Pearl
MAT0004;Matias
JBL0144;JBL
LIF0148;Lifeproof
ICA0087;Incase
ZAG0030;ZaggKeys
ICA0085;Incase
ICA0086;Incase
JBL0145;JBL
RET0001;Retrak Utopia
ICA0084;Incase
NIM0001;Nimbus
PAC2471;Pack
MOS0239;Moshi
GTE0107;G-Technology
HOC0015;Hoco Nike
HOC0016;Hoco Nike
TIL0004;Tile
WDT0400;Western Digital
OWC0262;OWC
OWC0263;OWC
OWC0264;OWC
AP20419;Apple
AP20428;Apple
AP20412;Apple
AP20413;Apple
AP20414;Apple
SNS0024;Sonos
SNS0019;Sonos
DVI0005;Devia
DVI0004;Devia
AP20438;Apple
MOP0097;Mophie
SAT0073;Satechi
SAT0074;Satechi
AP20427;Apple
JOB0001;Joby
AP20433;Apple
TWS0118;Twelve South
APP1564-A;Apple
APP2356-A;Apple
APP1770-A;Apple
APP2476;Apple
APP2150-A;Apple
OTT0188;Otterbox
OTT0189;Otterbox
SAT0068;Satechi
SAT0066;Satechi
SAT0067;Satechi
OTT0195;Otterbox
SAT0062;Satechi
SAT0061;Satechi
OTT0196;Otterbox
CRU0054;Crucial
CRU0055;Crucial
CRU0056;Crucial
NOM0028;Nomad
NOM0029;Nomad
SAT0058;Satechi
LIF0119;Lifeproof
STM0097;STM
STM0098;STM
STM0099;STM
SYN0185;Synology
OTT0186;Otterbox
ICA0083;Incase
ICA0093;Incase
ICA0094;Incase
ICA0095;Incase
ICA0096;Incase
HTE0009;Hyper Pearl
HTE0013;Hyper Pearl
HTE0011;Hyper Pearl
OWC0193;OWC
XTO0006;Xtorm
LAN0010;LandingZone
KIN0154;Kingston
TUC0315-A;Tucano
LGE0049-A;LG
WDT0349-A;Western Digital
IFX0041-A;iFixit
PUR0143-A;Puro
BEZ0185-A;Be.ez
MUJ0028-A;Mophie
APP0432-A;Apple
NTE0111-A;NewerTech
JMO0098-A;Just Mobile
HOC0008-A;Hoco Nike
APP2510-A;Apple
APP1152-A;Apple
SPH0019-A;Sphero
PHI0046-A;Philips
SYN0181-A;Synology
APP2491-A;Apple
FIB0005-A;Fibaro
APP2502-A;Apple
BNQ0043-A;BenQ
LGE0063-A;LG
QNA0220-A;QNAP
LAC0202-A;LaCie
ZAG0024-A;ZaggKeys
BEL0257-A;Belkin
WDT0350-A;Western Digital
WDT0382-A;Western Digital
APP1960-A;Apple
APP1125-A;Apple
SHE0041-A;SwitchEasy
PRY0005-A;Prynt
OTT0166-A;Otterbox
APP2083-A;Apple
KOO0004;Koogeek
MOS0236;Moshi
DOD0005;Dodocool
HTE0007-A;Hyper Pearl
DOD0009;Dodocool
DOD0004;Dodocool
KOO0001;Koogeek
APP1625-A;Apple
WAC0224-A;Wacom
SYN0120-A;Synology
DOD0002;Dodocool
BEL0309;Belkin
BEL0305;Belkin
PAC2473;Pack
QNA0254;QNAP
RYV0004;Ryval
KOO0003;Koogeek
MIN0008;Minibatt
SAT0077;Satechi
SAT0076;Satechi
MOP0104;Mophie
MOP0105;Mophie
MOP0106;Mophie
DLK0073-A;D-Link
APP2075;Apple
APP2073;Apple
APP2072;Apple
APP2352;Apple
APP2353;Apple
APP2356;Apple
APP2357;Apple
APP2359;Apple
APP2364;Apple
APP2365;Apple
APP2074;Apple
APP2368;Apple
APP2371;Apple
APP2374;Apple
APP2379;Apple
SAT0042-A;Satechi
TWS0118-A;Twelve South
APP2076-A;Apple
OWC0210-A;OWC
OTT0197;Otterbox
WDT0402;Western Digital
WDT0404;Western Digital
NIE0003;Ninebot
PAC2501;Pack
SAM0118;Samsung
SAM0119;Samsung
SAM0120;Samsung
SAT0068-A;Satechi
SAT0012-A;Satechi
ICA0108;Incase
IOT0021;iOttie
MTF0002;Mistify
FIB0001;Fibaro
SAT0081;Satechi
SAT0079;Satechi
SAT0080;Satechi
SAT0082;Satechi
SAT0083;Satechi
AP20453;Apple
LOG0235;Logitech
APP2599;Apple
APP2601;Apple
MOP0101;Mophie
MOP0102;Mophie
MOP0103;Mophie
AP20446;Apple
AP20449;Apple
ELG0031;Elgato
ZAG0026-A;ZaggKeys
SEA0087;Seagate
ZAG0031;ZaggKeys
MOP0107;Mophie
MOP0108;Mophie
SEA0119;Seagate
APP2608;Apple
OWC0275;OWC
NKI0014;Nokia
ELA0021-A;Elago
MIN0005-A;Minibatt
SAM0115-A;Samsung
BEL0372;Belkin
BEL0371;Belkin
WDT0406;Western Digital
THU0053;Thule
JAB0048;Jabra
SAT0050-A;Satechi
SDE0001;SDesign
APP2495-A;Apple
APP2067-A;Apple
BOS0063;Bose
MOP0099;Mophie
MOP0100;Mophie
ZAG0032;ZaggKeys
ZAG0034;ZaggKeys
AP20455;Apple
AP20456;Apple
AP20384;Apple
MAC0138;Macally
ZAG0035;ZaggKeys
ZAG0036;ZaggKeys
NKI0004;Nokia
QAR0001;Qardio
HOC0021;Hoco Nike
APP1460;Apple
MMW0008;My MW
MMW0006;My MW
MMW0010;My MW
MMW0009;My MW
